-- --
-- --     1900
-- --
-- INSERT INTO Country (COUNTRY_NAME, GENC,FLAG_URL) VALUES ('British Empire 1900', 'BE1900', '/images/BE1900.png');
-- INSERT INTO Country (COUNTRY_NAME, GENC,FLAG_URL) VALUES ('Qing China 1900', 'CN1900', '/images/CN1900.png');
-- INSERT INTO Country (COUNTRY_NAME, GENC,FLAG_URL) VALUES ('Russian Empire 1900', 'RU1900', '/images/RU1900.png');
-- INSERT INTO Country (COUNTRY_NAME, GENC,FLAG_URL) VALUES ('India 1900', 'IN1900', '/images/IN1900.png');
-- INSERT INTO Country (COUNTRY_NAME, GENC,FLAG_URL) VALUES ('United States 1900', 'US1900', '/images/US1900.png');
-- INSERT INTO Country (COUNTRY_NAME, GENC,FLAG_URL) VALUES ('German Empire 1900', 'DE1900', '/images/DE1900.png');
-- INSERT INTO Country (COUNTRY_NAME, GENC,FLAG_URL) VALUES ('France 1900', 'FR1900', '/images/FR1900.png');
-- INSERT INTO Country (COUNTRY_NAME, GENC,FLAG_URL) VALUES ('Austria-Hungary 1900', 'AT1900', '/images/AT1900.png');
-- INSERT INTO Country (COUNTRY_NAME, GENC,FLAG_URL) VALUES ('Ottoman Empire 1900', 'OT1900', '/images/OT1900.png');
-- INSERT INTO Country (COUNTRY_NAME, GENC,FLAG_URL) VALUES ('Japan 1900', 'JP1900', '/images/JP1900.png');
-- INSERT INTO Country (COUNTRY_NAME, GENC,FLAG_URL) VALUES ('United Kingdom 1900', 'GB1900', '/images/GB1900.png');
-- INSERT INTO Country (COUNTRY_NAME, GENC,FLAG_URL) VALUES ('Italy 1900', 'IT1900', '/images/IT1900.png');
-- INSERT INTO Country (COUNTRY_NAME, GENC,FLAG_URL) VALUES ('Mexico 1900', 'MX1900', '/images/MX1900.png');
-- INSERT INTO Country (COUNTRY_NAME, GENC,FLAG_URL) VALUES ('Brazil 1900', 'BR1900', '/images/BR1900.png');
-- INSERT INTO Country (COUNTRY_NAME, GENC,FLAG_URL) VALUES ('Spain 1900', 'ES1900', '/images/ES1900.png');
-- INSERT INTO Country (COUNTRY_NAME, GENC,FLAG_URL) VALUES ('Dutch East Indies 1900', 'NL1900', '/images/NL1900.png');
-- INSERT INTO Country (COUNTRY_NAME, GENC,FLAG_URL) VALUES ('Java 1900', 'ID1900', '/images/ID1900.png');
-- INSERT INTO Country (COUNTRY_NAME, GENC,FLAG_URL) VALUES ('Australia 1900', 'AU1900', '/images/AU1900.png');
-- INSERT INTO Country (COUNTRY_NAME, GENC,FLAG_URL) VALUES ('Canada 1900', 'CA1900', '/images/CA1900.png');
-- INSERT INTO Country (COUNTRY_NAME, GENC,FLAG_URL) VALUES ('Dutch West Indies 1900', 'DW1900', '/images/DW1900.png');
-- INSERT INTO Country (COUNTRY_NAME, GENC,FLAG_URL) VALUES ('Philippines 1900', 'PH1900', '/images/PH1900.png');
-- INSERT INTO Country (COUNTRY_NAME, GENC,FLAG_URL) VALUES ('Korea 1900', 'KR1900', '/images/KR1900.png');
-- INSERT INTO Country (COUNTRY_NAME, GENC,FLAG_URL) VALUES ('Iran 1900', 'IR1900', '/images/IR1900.png');
-- INSERT INTO Country (COUNTRY_NAME, GENC,FLAG_URL) VALUES ('Argentina 1900', 'AR1900', '/images/AR1900.png');
-- INSERT INTO Country (COUNTRY_NAME, GENC,FLAG_URL) VALUES ('Belgium 1900', 'BM1900', '/images/BM1900.png');
-- INSERT INTO Country (COUNTRY_NAME, GENC,FLAG_URL) VALUES ('Sweden 1900', 'SE1900', '/images/SE1900.png');
-- INSERT INTO Country (COUNTRY_NAME, GENC,FLAG_URL) VALUES ('Portugal 1900', 'PT1900', '/images/PT1900.png');
-- INSERT INTO Country (COUNTRY_NAME, GENC,FLAG_URL) VALUES ('Afghanistan 1900', 'AF1900', '/images/AF1900.png');
-- INSERT INTO Country (COUNTRY_NAME, GENC,FLAG_URL) VALUES ('Romania 1900', 'RO1900', '/images/RO1900.png');
-- INSERT INTO Country (COUNTRY_NAME, GENC,FLAG_URL) VALUES ('Chile 1900', 'CL1900', '/images/CL1900.png');
-- INSERT INTO Country (COUNTRY_NAME, GENC,FLAG_URL) VALUES ('Greece 1900', 'GR1900', '/images/GR1900.png');
-- INSERT INTO Country (COUNTRY_NAME, GENC,FLAG_URL) VALUES ('Egypt 1900', 'EG1900', '/images/EG1900.png');
-- INSERT INTO Country (COUNTRY_NAME, GENC,FLAG_URL) VALUES ('Denmark 1900', 'DK1900', '/images/DK1900.png');
-- INSERT INTO Country (COUNTRY_NAME, GENC,FLAG_URL) VALUES ('Norway 1900', 'NO1900', '/images/NO1900.png');
-- INSERT INTO Country (COUNTRY_NAME, GENC,FLAG_URL) VALUES ('Switzerland 1900', 'CH1900', '/images/CH1900.png');
-- INSERT INTO Country (COUNTRY_NAME, GENC,FLAG_URL) VALUES ('Austria 1900', 'AS1900', '/images/AS1900.png');
-- INSERT INTO Country (COUNTRY_NAME, GENC,FLAG_URL) VALUES ('Bulgaria 1900', 'BG1900', '/images/BG1900.png');
-- INSERT INTO Country (COUNTRY_NAME, GENC,FLAG_URL) VALUES ('Siam 1900', 'TH1900', '/images/TH1900.png');
-- INSERT INTO Country (COUNTRY_NAME, GENC,FLAG_URL) VALUES ('Ethiopia 1900', 'ET1900', '/images/ET1900.png');
-- INSERT INTO Country (COUNTRY_NAME, GENC,FLAG_URL) VALUES ('New Zealand 1900', 'NZ1900', '/images/NZ1900.png');
-- INSERT INTO Country (COUNTRY_NAME, GENC,FLAG_URL) VALUES ('Boer Republics 1900', 'BP1900', '/images/BP1900.png');
-- INSERT INTO Country (COUNTRY_NAME, GENC,FLAG_URL) VALUES ('Paraguay 1900', 'PY1900', '/images/PY1900.png');
-- INSERT INTO Country (COUNTRY_NAME, GENC,FLAG_URL) VALUES ('Uruguay 1900', 'UY1900', '/images/UY1900.png');
-- INSERT INTO Country (COUNTRY_NAME, GENC,FLAG_URL) VALUES ('Venezuela 1900', 'VE1900', '/images/VE1900.png');
-- INSERT INTO Country (COUNTRY_NAME, GENC,FLAG_URL) VALUES ('Colombia 1900', 'CO1900', '/images/CO1900.png');
-- INSERT INTO Country (COUNTRY_NAME, GENC,FLAG_URL) VALUES ('Ecuador 1900', 'EC1900', '/images/EC1900.png');
-- INSERT INTO Country (COUNTRY_NAME, GENC,FLAG_URL) VALUES ('Peru 1900', 'PE1900', '/images/PE1900.png');
-- INSERT INTO Country (COUNTRY_NAME, GENC,FLAG_URL) VALUES ('Bolivia 1900', 'BO1900', '/images/BO1900.png');
-- INSERT INTO Country (COUNTRY_NAME, GENC,FLAG_URL) VALUES ('Liberia 1900', 'LR1900', '/images/LR1900.png');
-- INSERT INTO Country (COUNTRY_NAME, GENC,FLAG_URL) VALUES ('Madagascar 1900', 'MG1900', '/images/MG1900.png');
-- INSERT INTO Country (COUNTRY_NAME, GENC,FLAG_URL) VALUES ('Morocco 1900', 'MA1900', '/images/MA1900.png');
-- INSERT INTO Country (COUNTRY_NAME, GENC,FLAG_URL) VALUES ('Cuba 1900', 'CU1900', '/images/CU1900.png');
-- INSERT INTO Country (COUNTRY_NAME, GENC,FLAG_URL) VALUES ('Haiti 1900', 'HT1900', '/images/HT1900.png');
-- INSERT INTO Country (COUNTRY_NAME, GENC,FLAG_URL) VALUES ('Dominican Republic 1900', 'DO1900', '/images/DO1900.png');
-- INSERT INTO Country (COUNTRY_NAME, GENC,FLAG_URL) VALUES ('Panama 1900', 'PA1900', '/images/PA1900.png');
-- INSERT INTO Country (COUNTRY_NAME, GENC,FLAG_URL) VALUES ('Costa Rica 1900', 'CR1900', '/images/CR1900.png');
-- INSERT INTO Country (COUNTRY_NAME, GENC,FLAG_URL) VALUES ('Guatemala 1900', 'GT1900', '/images/GT1900.png');
-- INSERT INTO Country (COUNTRY_NAME, GENC,FLAG_URL) VALUES ('El Salvador 1900', 'SV1900', '/images/SV1900.png');
-- INSERT INTO Country (COUNTRY_NAME, GENC,FLAG_URL) VALUES ('Nicaragua 1900', 'NI1900', '/images/NI1900.png');
-- INSERT INTO Country (COUNTRY_NAME, GENC,FLAG_URL) VALUES ('Honduras 1900', 'HN1900', '/images/HN1900.png');
-- INSERT INTO Country (COUNTRY_NAME, GENC,FLAG_URL) VALUES ('British Honduras 1900', 'BZ1900', '/images/BZ1900.png');
-- INSERT INTO Country (COUNTRY_NAME, GENC,FLAG_URL) VALUES ('British Guiana 1900', 'GY1900', '/images/GY1900.png');
-- INSERT INTO Country (COUNTRY_NAME, GENC,FLAG_URL) VALUES ('French Guiana 1900', 'GF1900', '/images/GF1900.png');
-- INSERT INTO Country (COUNTRY_NAME, GENC,FLAG_URL) VALUES ('Dutch Guiana 1900', 'SR1900', '/images/SR1900.png');
-- INSERT INTO Country (COUNTRY_NAME, GENC,FLAG_URL) VALUES ('Algeria 1900', 'DZ1900', '/images/DZ1900.png');
-- INSERT INTO Country (COUNTRY_NAME, GENC,FLAG_URL) VALUES ('Tunisia 1900', 'TN1900', '/images/TN1900.png');
-- INSERT INTO Country (COUNTRY_NAME, GENC,FLAG_URL) VALUES ('Senegal 1900', 'SN1900', '/images/SN1900.png');
-- INSERT INTO Country (COUNTRY_NAME, GENC,FLAG_URL) VALUES ('Gambia 1900', 'GM1900', '/images/GM1900.png');
-- INSERT INTO Country (COUNTRY_NAME, GENC,FLAG_URL) VALUES ('French West Africa 1900', 'FW1900', '/images/FW1900.png');
-- INSERT INTO Country (COUNTRY_NAME, GENC,FLAG_URL) VALUES ('French Equatorial Africa 1900', 'FE1900', '/images/FE1900.png');
-- INSERT INTO Country (COUNTRY_NAME, GENC,FLAG_URL) VALUES ('French Somaliland 1900', 'FS1900', '/images/FS1900.png');
-- INSERT INTO Country (COUNTRY_NAME, GENC,FLAG_URL) VALUES ('Libya 1900', 'LY1900', '/images/LY1900.png');
-- INSERT INTO Country (COUNTRY_NAME, GENC,FLAG_URL) VALUES ('Sudan 1900', 'SD1900', '/images/SD1900.png');
-- INSERT INTO Country (COUNTRY_NAME, GENC,FLAG_URL) VALUES ('Belgian Congo 1900', 'CD1900', '/images/CD1900.png');
-- INSERT INTO Country (COUNTRY_NAME, GENC,FLAG_URL) VALUES ('Portuguese Angola 1900', 'AO1900', '/images/AO1900.png');
-- INSERT INTO Country (COUNTRY_NAME, GENC,FLAG_URL) VALUES ('Mozambique 1900', 'MZ1900', '/images/MZ1900.png');
-- INSERT INTO Country (COUNTRY_NAME, GENC,FLAG_URL) VALUES ('Cape Colony 1900', 'CC1900', '/images/CC1900.png');
-- INSERT INTO Country (COUNTRY_NAME, GENC,FLAG_URL) VALUES ('Transvaal 1900', 'TV1900', '/images/TV1900.png');
-- INSERT INTO Country (COUNTRY_NAME, GENC,FLAG_URL) VALUES ('Orange Free State 1900', 'ZA1900', '/images/ZA1900.png');
-- INSERT INTO Country (COUNTRY_NAME, GENC,FLAG_URL) VALUES ('Rhodesia 1900', 'ZW1900', '/images/ZW1900.png');
-- INSERT INTO Country (COUNTRY_NAME, GENC,FLAG_URL) VALUES ('Zanzibar 1900', 'TZ1900', '/images/TZ1900.png');
-- INSERT INTO Country (COUNTRY_NAME, GENC,FLAG_URL) VALUES ('Kenya 1900', 'KE1900', '/images/KE1900.png');
-- INSERT INTO Country (COUNTRY_NAME, GENC,FLAG_URL) VALUES ('Uganda 1900', 'UG1900', '/images/UG1900.png');
-- INSERT INTO Country (COUNTRY_NAME, GENC,FLAG_URL) VALUES ('German East Africa 1900', 'GE1900', '/images/GE1900.png');
-- INSERT INTO Country (COUNTRY_NAME, GENC,FLAG_URL) VALUES ('German Southwest Africa 1900', 'GS1900', '/images/GS1900.png');
-- INSERT INTO Country (COUNTRY_NAME, GENC,FLAG_URL) VALUES ('Cameroon 1900', 'CM1900', '/images/CM1900.png');
-- INSERT INTO Country (COUNTRY_NAME, GENC,FLAG_URL) VALUES ('Togo 1900', 'TG1900', '/images/TG1900.png');
-- INSERT INTO Country (COUNTRY_NAME, GENC,FLAG_URL) VALUES ('Guam 1900', 'GU1900', '/images/GU1900.png');
-- INSERT INTO Country (COUNTRY_NAME, GENC,FLAG_URL) VALUES ('Papua 1900', 'PG1900', '/images/PG1900.png');
--
-- -- INSERT INTO YEAR_AND_POPULATION (id, YEAR_OF_MEASUREMENT, population, ANNUAL_GROWTH, country_name) VALUES (1, '1900', '1700100000', NULL, ''World'');
-- -- INSERT INTO YEAR_AND_POPULATION ( YEAR_OF_MEASUREMENT, population, ANNUAL_GROWTH, country_name) VALUES ( '1900', '390500000', NULL, 'British Empire 1900');
-- -- INSERT INTO YEAR_AND_POPULATION ( YEAR_OF_MEASUREMENT, population, ANNUAL_GROWTH, country_name) VALUES ( '1900', '415001488', NULL, 'Qing China 1900');
-- -- INSERT INTO YEAR_AND_POPULATION ( YEAR_OF_MEASUREMENT, population, ANNUAL_GROWTH, country_name) VALUES ( '1900', '136305000', NULL, 'Russian Empire 1900');
-- -- INSERT INTO YEAR_AND_POPULATION ( YEAR_OF_MEASUREMENT, population, ANNUAL_GROWTH, country_name) VALUES ( '1900', '294361056', NULL, 'India 1900');
-- -- INSERT INTO YEAR_AND_POPULATION ( YEAR_OF_MEASUREMENT, population, ANNUAL_GROWTH, country_name) VALUES ( '1900', '76212168', NULL, 'United States 1900');
-- -- INSERT INTO YEAR_AND_POPULATION ( YEAR_OF_MEASUREMENT, population, ANNUAL_GROWTH, country_name) VALUES ( '1900', '56100000', NULL, 'German Empire 1900');
-- -- INSERT INTO YEAR_AND_POPULATION ( YEAR_OF_MEASUREMENT, population, ANNUAL_GROWTH, country_name) VALUES ( '1900', '40400000', NULL, 'France 1900');
-- -- INSERT INTO YEAR_AND_POPULATION ( YEAR_OF_MEASUREMENT, population, ANNUAL_GROWTH, country_name) VALUES ( '1900', '47154500', NULL, 'Austria-Hungary 1900');
-- -- INSERT INTO YEAR_AND_POPULATION ( YEAR_OF_MEASUREMENT, population, ANNUAL_GROWTH, country_name) VALUES ( '1900', '31004888', NULL, 'Ottoman Empire 1900');
-- -- INSERT INTO YEAR_AND_POPULATION ( YEAR_OF_MEASUREMENT, population, ANNUAL_GROWTH, country_name) VALUES ( '1900', '44848727', NULL, 'Japan 1900');
-- -- INSERT INTO YEAR_AND_POPULATION ( YEAR_OF_MEASUREMENT, population, ANNUAL_GROWTH, country_name) VALUES ( '1900', '38523175', NULL, 'United Kingdom 1900');
-- -- INSERT INTO YEAR_AND_POPULATION ( YEAR_OF_MEASUREMENT, population, ANNUAL_GROWTH, country_name) VALUES ( '1900', '33837000', NULL, 'Italy 1900');
-- -- INSERT INTO YEAR_AND_POPULATION ( YEAR_OF_MEASUREMENT, population, ANNUAL_GROWTH, country_name) VALUES ( '1900', '13450000', NULL, 'Mexico 1900');
-- -- INSERT INTO YEAR_AND_POPULATION ( YEAR_OF_MEASUREMENT, population, ANNUAL_GROWTH, country_name) VALUES ( '1900', '17319400', NULL, 'Brazil 1900');
-- -- INSERT INTO YEAR_AND_POPULATION ( YEAR_OF_MEASUREMENT, population, ANNUAL_GROWTH, country_name) VALUES ( '1900', '18953000', NULL, 'Spain 1900');
-- -- INSERT INTO YEAR_AND_POPULATION ( YEAR_OF_MEASUREMENT, population, ANNUAL_GROWTH, country_name) VALUES ( '1900', '37970000', NULL, 'Dutch East Indies 1900');
-- -- INSERT INTO YEAR_AND_POPULATION ( YEAR_OF_MEASUREMENT, population, ANNUAL_GROWTH, country_name) VALUES ( '1900', '27870000', NULL, 'Java 1900');
-- -- INSERT INTO YEAR_AND_POPULATION ( YEAR_OF_MEASUREMENT, population, ANNUAL_GROWTH, country_name) VALUES ( '1900', '3765700', NULL, 'Australia 1900');
-- -- INSERT INTO YEAR_AND_POPULATION ( YEAR_OF_MEASUREMENT, population, ANNUAL_GROWTH, country_name) VALUES ( '1900', '5301000', NULL, 'Canada 1900');
-- -- INSERT INTO YEAR_AND_POPULATION ( YEAR_OF_MEASUREMENT, population, ANNUAL_GROWTH, country_name) VALUES ( '1900', '900000', NULL, 'Dutch West Indies 1900');
-- -- INSERT INTO YEAR_AND_POPULATION ( YEAR_OF_MEASUREMENT, population, ANNUAL_GROWTH, country_name) VALUES ( '1900', '8270000', NULL, 'Philippines 1900');
-- -- INSERT INTO YEAR_AND_POPULATION ( YEAR_OF_MEASUREMENT, population, ANNUAL_GROWTH, country_name) VALUES ( '1900', '11700000', NULL, 'Korea 1900');
-- -- INSERT INTO YEAR_AND_POPULATION ( YEAR_OF_MEASUREMENT, population, ANNUAL_GROWTH, country_name) VALUES ( '1900', '10000000', NULL, 'Iran 1900');
-- -- INSERT INTO YEAR_AND_POPULATION ( YEAR_OF_MEASUREMENT, population, ANNUAL_GROWTH, country_name) VALUES ( '1900', '4400000', NULL, 'Argentina 1900');
-- -- INSERT INTO YEAR_AND_POPULATION ( YEAR_OF_MEASUREMENT, population, ANNUAL_GROWTH, country_name) VALUES ( '1900', '6920000', NULL, 'Belgium 1900');
-- -- INSERT INTO YEAR_AND_POPULATION ( YEAR_OF_MEASUREMENT, population, ANNUAL_GROWTH, country_name) VALUES ( '1900', '5042000', NULL, 'Sweden 1900');
-- -- INSERT INTO YEAR_AND_POPULATION ( YEAR_OF_MEASUREMENT, population, ANNUAL_GROWTH, country_name) VALUES ( '1900', '5200000', NULL, 'Portugal 1900');
-- -- INSERT INTO YEAR_AND_POPULATION ( YEAR_OF_MEASUREMENT, population, ANNUAL_GROWTH, country_name) VALUES ( '1900', '4300000', NULL, 'Afghanistan 1900');
-- -- INSERT INTO YEAR_AND_POPULATION ( YEAR_OF_MEASUREMENT, population, ANNUAL_GROWTH, country_name) VALUES ( '1900', '5800000', NULL, 'Romania 1900');
-- -- INSERT INTO YEAR_AND_POPULATION ( YEAR_OF_MEASUREMENT, population, ANNUAL_GROWTH, country_name) VALUES ( '1900', '3150000', NULL, 'Chile 1900');
-- -- INSERT INTO YEAR_AND_POPULATION ( YEAR_OF_MEASUREMENT, population, ANNUAL_GROWTH, country_name) VALUES ( '1900', '2800000', NULL, 'Greece 1900');
-- -- INSERT INTO YEAR_AND_POPULATION ( YEAR_OF_MEASUREMENT, population, ANNUAL_GROWTH, country_name) VALUES ( '1900', '11800000', NULL, 'Egypt 1900');
-- -- INSERT INTO YEAR_AND_POPULATION ( YEAR_OF_MEASUREMENT, population, ANNUAL_GROWTH, country_name) VALUES ( '1900', '2380000', NULL, 'Denmark 1900');
-- -- INSERT INTO YEAR_AND_POPULATION ( YEAR_OF_MEASUREMENT, population, ANNUAL_GROWTH, country_name) VALUES ( '1900', '2270000', NULL, 'Norway 1900');
-- -- INSERT INTO YEAR_AND_POPULATION ( YEAR_OF_MEASUREMENT, population, ANNUAL_GROWTH, country_name) VALUES ( '1900', '3220000', NULL, 'Switzerland 1900');
-- -- INSERT INTO YEAR_AND_POPULATION ( YEAR_OF_MEASUREMENT, population, ANNUAL_GROWTH, country_name) VALUES ( '1900', '2534000', NULL, 'Austria 1900');
-- -- INSERT INTO YEAR_AND_POPULATION ( YEAR_OF_MEASUREMENT, population, ANNUAL_GROWTH, country_name) VALUES ( '1900', '3150000', NULL, 'Bulgaria 1900');
-- -- INSERT INTO YEAR_AND_POPULATION ( YEAR_OF_MEASUREMENT, population, ANNUAL_GROWTH, country_name) VALUES ( '1900', '7700000', NULL, 'Siam 1900');
-- -- INSERT INTO YEAR_AND_POPULATION ( YEAR_OF_MEASUREMENT, population, ANNUAL_GROWTH, country_name) VALUES ( '1900', '3200000', NULL, 'Ethiopia 1900');
-- -- INSERT INTO YEAR_AND_POPULATION ( YEAR_OF_MEASUREMENT, population, ANNUAL_GROWTH, country_name) VALUES ( '1900', '850000', NULL, 'New Zealand 1900');
-- -- INSERT INTO YEAR_AND_POPULATION ( YEAR_OF_MEASUREMENT, population, ANNUAL_GROWTH, country_name) VALUES ( '1900', '1030000', NULL, 'Boer Republics 1900');
-- -- INSERT INTO YEAR_AND_POPULATION ( YEAR_OF_MEASUREMENT, population, ANNUAL_GROWTH, country_name) VALUES ( '1900', '472000', NULL, 'Paraguay 1900');
-- -- INSERT INTO YEAR_AND_POPULATION ( YEAR_OF_MEASUREMENT, population, ANNUAL_GROWTH, country_name) VALUES ( '1900', '914000', NULL, 'Uruguay 1900');
-- -- INSERT INTO YEAR_AND_POPULATION ( YEAR_OF_MEASUREMENT, population, ANNUAL_GROWTH, country_name) VALUES ( '1900', '1900000', NULL, 'Venezuela 1900');
-- -- INSERT INTO YEAR_AND_POPULATION ( YEAR_OF_MEASUREMENT, population, ANNUAL_GROWTH, country_name) VALUES ( '1900', '4000000', NULL, 'Colombia 1900');
-- -- INSERT INTO YEAR_AND_POPULATION ( YEAR_OF_MEASUREMENT, population, ANNUAL_GROWTH, country_name) VALUES ( '1900', '1300000', NULL, 'Ecuador 1900');
-- -- INSERT INTO YEAR_AND_POPULATION ( YEAR_OF_MEASUREMENT, population, ANNUAL_GROWTH, country_name) VALUES ( '1900', '4000000', NULL, 'Peru 1900');
-- -- INSERT INTO YEAR_AND_POPULATION ( YEAR_OF_MEASUREMENT, population, ANNUAL_GROWTH, country_name) VALUES ( '1900', '1600000', NULL, 'Bolivia 1900');
-- INSERT INTO YEAR_AND_POPULATION (YEAR_OF_MEASUREMENT, population, ANNUAL_GROWTH, country_name) VALUES ('1900', '301000000', NULL, 'British Empire 1900');
-- INSERT INTO YEAR_AND_POPULATION (YEAR_OF_MEASUREMENT, population, ANNUAL_GROWTH, country_name) VALUES ('1900', '391000000', NULL, 'Qing China 1900');
-- INSERT INTO YEAR_AND_POPULATION (YEAR_OF_MEASUREMENT, population, ANNUAL_GROWTH, country_name) VALUES ('1900', '133000000', NULL, 'Russian Empire 1900');
-- INSERT INTO YEAR_AND_POPULATION (YEAR_OF_MEASUREMENT, population, ANNUAL_GROWTH, country_name) VALUES ('1900', '294000000', NULL, 'India 1900');
-- INSERT INTO YEAR_AND_POPULATION (YEAR_OF_MEASUREMENT, population, ANNUAL_GROWTH, country_name) VALUES ('1900', '76000000', NULL, 'United States 1900');
-- INSERT INTO YEAR_AND_POPULATION (YEAR_OF_MEASUREMENT, population, ANNUAL_GROWTH, country_name) VALUES ('1900', '56000000', NULL, 'German Empire 1900');
-- INSERT INTO YEAR_AND_POPULATION (YEAR_OF_MEASUREMENT, population, ANNUAL_GROWTH, country_name) VALUES ('1900', '39000000', NULL, 'France 1900');
-- INSERT INTO YEAR_AND_POPULATION (YEAR_OF_MEASUREMENT, population, ANNUAL_GROWTH, country_name) VALUES ('1900', '51000000', NULL, 'Austria-Hungary 1900');
-- INSERT INTO YEAR_AND_POPULATION (YEAR_OF_MEASUREMENT, population, ANNUAL_GROWTH, country_name) VALUES ('1900', '28000000', NULL, 'Ottoman Empire 1900');
-- INSERT INTO YEAR_AND_POPULATION (YEAR_OF_MEASUREMENT, population, ANNUAL_GROWTH, country_name) VALUES ('1900', '43000000', NULL, 'Japan 1900');
-- INSERT INTO YEAR_AND_POPULATION (YEAR_OF_MEASUREMENT, population, ANNUAL_GROWTH, country_name) VALUES ('1900', '43000000', NULL, 'United Kingdom 1900');
-- INSERT INTO YEAR_AND_POPULATION (YEAR_OF_MEASUREMENT, population, ANNUAL_GROWTH, country_name) VALUES ('1900', '33000000', NULL, 'Italy 1900');
-- INSERT INTO YEAR_AND_POPULATION (YEAR_OF_MEASUREMENT, population, ANNUAL_GROWTH, country_name) VALUES ('1900', '13000000', NULL, 'Mexico 1900');
-- INSERT INTO YEAR_AND_POPULATION (YEAR_OF_MEASUREMENT, population, ANNUAL_GROWTH, country_name) VALUES ('1900', '17000000', NULL, 'Brazil 1900');
-- INSERT INTO YEAR_AND_POPULATION (YEAR_OF_MEASUREMENT, population, ANNUAL_GROWTH, country_name) VALUES ('1900', '20000000', NULL, 'Spain 1900');
-- INSERT INTO YEAR_AND_POPULATION (YEAR_OF_MEASUREMENT, population, ANNUAL_GROWTH, country_name) VALUES ('1900', '35000000', NULL, 'Dutch East Indies 1900');
-- INSERT INTO YEAR_AND_POPULATION (YEAR_OF_MEASUREMENT, population, ANNUAL_GROWTH, country_name) VALUES ('1900', '30000000', NULL, 'Java 1900');
-- INSERT INTO YEAR_AND_POPULATION (YEAR_OF_MEASUREMENT, population, ANNUAL_GROWTH, country_name) VALUES ('1900', '3800000', NULL, 'Australia 1900');
-- INSERT INTO YEAR_AND_POPULATION (YEAR_OF_MEASUREMENT, population, ANNUAL_GROWTH, country_name) VALUES ('1900', '5500000', NULL, 'Canada 1900');
-- INSERT INTO YEAR_AND_POPULATION (YEAR_OF_MEASUREMENT, population, ANNUAL_GROWTH, country_name) VALUES ('1900', '65000', NULL, 'Dutch West Indies 1900');
-- INSERT INTO YEAR_AND_POPULATION (YEAR_OF_MEASUREMENT, population, ANNUAL_GROWTH, country_name) VALUES ('1900', '7700000', NULL, 'Philippines 1900');
-- INSERT INTO YEAR_AND_POPULATION (YEAR_OF_MEASUREMENT, population, ANNUAL_GROWTH, country_name) VALUES ('1900', '16000000', NULL, 'Korea 1900');
-- INSERT INTO YEAR_AND_POPULATION (YEAR_OF_MEASUREMENT, population, ANNUAL_GROWTH, country_name) VALUES ('1900', '9500000', NULL, 'Iran 1900');
-- INSERT INTO YEAR_AND_POPULATION (YEAR_OF_MEASUREMENT, population, ANNUAL_GROWTH, country_name) VALUES ('1900', '4200000', NULL, 'Argentina 1900');
-- INSERT INTO YEAR_AND_POPULATION (YEAR_OF_MEASUREMENT, population, ANNUAL_GROWTH, country_name) VALUES ('1900', '7500000', NULL, 'Belgium 1900');
-- INSERT INTO YEAR_AND_POPULATION (YEAR_OF_MEASUREMENT, population, ANNUAL_GROWTH, country_name) VALUES ('1900', '5300000', NULL, 'Sweden 1900');
-- INSERT INTO YEAR_AND_POPULATION (YEAR_OF_MEASUREMENT, population, ANNUAL_GROWTH, country_name) VALUES ('1900', '5300000', NULL, 'Portugal 1900');
-- INSERT INTO YEAR_AND_POPULATION (YEAR_OF_MEASUREMENT, population, ANNUAL_GROWTH, country_name) VALUES ('1900', '5000000', NULL, 'Afghanistan 1900');
-- INSERT INTO YEAR_AND_POPULATION (YEAR_OF_MEASUREMENT, population, ANNUAL_GROWTH, country_name) VALUES ('1900', '5500000', NULL, 'Romania 1900');
-- INSERT INTO YEAR_AND_POPULATION (YEAR_OF_MEASUREMENT, population, ANNUAL_GROWTH, country_name) VALUES ('1900', '3400000', NULL, 'Chile 1900');
-- INSERT INTO YEAR_AND_POPULATION (YEAR_OF_MEASUREMENT, population, ANNUAL_GROWTH, country_name) VALUES ('1900', '2700000', NULL, 'Greece 1900');
-- INSERT INTO YEAR_AND_POPULATION (YEAR_OF_MEASUREMENT, population, ANNUAL_GROWTH, country_name) VALUES ('1900', '8000000', NULL, 'Egypt 1900');
-- INSERT INTO YEAR_AND_POPULATION (YEAR_OF_MEASUREMENT, population, ANNUAL_GROWTH, country_name) VALUES ('1900', '2500000', NULL, 'Denmark 1900');
-- INSERT INTO YEAR_AND_POPULATION (YEAR_OF_MEASUREMENT, population, ANNUAL_GROWTH, country_name) VALUES ('1900', '2300000', NULL, 'Norway 1900');
-- INSERT INTO YEAR_AND_POPULATION (YEAR_OF_MEASUREMENT, population, ANNUAL_GROWTH, country_name) VALUES ('1900', '3300000', NULL, 'Switzerland 1900');
-- INSERT INTO YEAR_AND_POPULATION (YEAR_OF_MEASUREMENT, population, ANNUAL_GROWTH, country_name) VALUES ('1900', '2100000', NULL, 'Austria 1900');
-- INSERT INTO YEAR_AND_POPULATION (YEAR_OF_MEASUREMENT, population, ANNUAL_GROWTH, country_name) VALUES ('1900', '4000000', NULL, 'Bulgaria 1900');
-- INSERT INTO YEAR_AND_POPULATION (YEAR_OF_MEASUREMENT, population, ANNUAL_GROWTH, country_name) VALUES ('1900', '8600000', NULL, 'Siam 1900');
-- INSERT INTO YEAR_AND_POPULATION (YEAR_OF_MEASUREMENT, population, ANNUAL_GROWTH, country_name) VALUES ('1900', '4600000', NULL, 'Ethiopia 1900');
-- INSERT INTO YEAR_AND_POPULATION (YEAR_OF_MEASUREMENT, population, ANNUAL_GROWTH, country_name) VALUES ('1900', '800000', NULL, 'New Zealand 1900');
-- INSERT INTO YEAR_AND_POPULATION (YEAR_OF_MEASUREMENT, population, ANNUAL_GROWTH, country_name) VALUES ('1900', '1500000', NULL, 'Boer Republics 1900');
-- INSERT INTO YEAR_AND_POPULATION (YEAR_OF_MEASUREMENT, population, ANNUAL_GROWTH, country_name) VALUES ('1900', '460000', NULL, 'Paraguay 1900');
-- INSERT INTO YEAR_AND_POPULATION (YEAR_OF_MEASUREMENT, population, ANNUAL_GROWTH, country_name) VALUES ('1900', '925000', NULL, 'Uruguay 1900');
-- INSERT INTO YEAR_AND_POPULATION (YEAR_OF_MEASUREMENT, population, ANNUAL_GROWTH, country_name) VALUES ('1900', '2300000', NULL, 'Venezuela 1900');
-- INSERT INTO YEAR_AND_POPULATION (YEAR_OF_MEASUREMENT, population, ANNUAL_GROWTH, country_name) VALUES ('1900', '4200000', NULL, 'Colombia 1900');
-- INSERT INTO YEAR_AND_POPULATION (YEAR_OF_MEASUREMENT, population, ANNUAL_GROWTH, country_name) VALUES ('1900', '1200000', NULL, 'Ecuador 1900');
-- INSERT INTO YEAR_AND_POPULATION (YEAR_OF_MEASUREMENT, population, ANNUAL_GROWTH, country_name) VALUES ('1900', '3500000', NULL, 'Peru 1900');
-- INSERT INTO YEAR_AND_POPULATION (YEAR_OF_MEASUREMENT, population, ANNUAL_GROWTH, country_name) VALUES ('1900', '1900000', NULL, 'Bolivia 1900');
-- INSERT INTO YEAR_AND_POPULATION (YEAR_OF_MEASUREMENT, population, ANNUAL_GROWTH, country_name) VALUES ('1900', '1200000', NULL, 'Liberia 1900');
-- INSERT INTO YEAR_AND_POPULATION (YEAR_OF_MEASUREMENT, population, ANNUAL_GROWTH, country_name) VALUES ('1900', '2500000', NULL, 'Madagascar 1900');
-- INSERT INTO YEAR_AND_POPULATION (YEAR_OF_MEASUREMENT, population, ANNUAL_GROWTH, country_name) VALUES ('1900', '5000000', NULL, 'Morocco 1900');
-- INSERT INTO YEAR_AND_POPULATION (YEAR_OF_MEASUREMENT, population, ANNUAL_GROWTH, country_name) VALUES ('1900', '1600000', NULL, 'Cuba 1900');
-- INSERT INTO YEAR_AND_POPULATION (YEAR_OF_MEASUREMENT, population, ANNUAL_GROWTH, country_name) VALUES ('1900', '1350000', NULL, 'Haiti 1900');
-- INSERT INTO YEAR_AND_POPULATION (YEAR_OF_MEASUREMENT, population, ANNUAL_GROWTH, country_name) VALUES ('1900', '610000', NULL, 'Dominican Republic 1900');
-- INSERT INTO YEAR_AND_POPULATION (YEAR_OF_MEASUREMENT, population, ANNUAL_GROWTH, country_name) VALUES ('1900', '320000', NULL, 'Panama 1900');
-- INSERT INTO YEAR_AND_POPULATION (YEAR_OF_MEASUREMENT, population, ANNUAL_GROWTH, country_name) VALUES ('1900', '300000', NULL, 'Costa Rica 1900');
-- INSERT INTO YEAR_AND_POPULATION (YEAR_OF_MEASUREMENT, population, ANNUAL_GROWTH, country_name) VALUES ('1900', '1320000', NULL, 'Guatemala 1900');
-- INSERT INTO YEAR_AND_POPULATION (YEAR_OF_MEASUREMENT, population, ANNUAL_GROWTH, country_name) VALUES ('1900', '1030000', NULL, 'El Salvador 1900');
-- INSERT INTO YEAR_AND_POPULATION (YEAR_OF_MEASUREMENT, population, ANNUAL_GROWTH, country_name) VALUES ('1900', '630000', NULL, 'Nicaragua 1900');
-- INSERT INTO YEAR_AND_POPULATION (YEAR_OF_MEASUREMENT, population, ANNUAL_GROWTH, country_name) VALUES ('1900', '420000', NULL, 'Honduras 1900');
-- INSERT INTO YEAR_AND_POPULATION (YEAR_OF_MEASUREMENT, population, ANNUAL_GROWTH, country_name) VALUES ('1900', '37000', NULL, 'British Honduras 1900');
-- INSERT INTO YEAR_AND_POPULATION (YEAR_OF_MEASUREMENT, population, ANNUAL_GROWTH, country_name) VALUES ('1900', '270000', NULL, 'British Guiana 1900');
-- INSERT INTO YEAR_AND_POPULATION (YEAR_OF_MEASUREMENT, population, ANNUAL_GROWTH, country_name) VALUES ('1900', '50000', NULL, 'French Guiana 1900');
-- INSERT INTO YEAR_AND_POPULATION (YEAR_OF_MEASUREMENT, population, ANNUAL_GROWTH, country_name) VALUES ('1900', '50000', NULL, 'Dutch Guiana 1900');
-- INSERT INTO YEAR_AND_POPULATION (YEAR_OF_MEASUREMENT, population, ANNUAL_GROWTH, country_name) VALUES ('1900', '4250000', NULL, 'Algeria 1900');
-- INSERT INTO YEAR_AND_POPULATION (YEAR_OF_MEASUREMENT, population, ANNUAL_GROWTH, country_name) VALUES ('1900', '1700000', NULL, 'Tunisia 1900');
-- INSERT INTO YEAR_AND_POPULATION (YEAR_OF_MEASUREMENT, population, ANNUAL_GROWTH, country_name) VALUES ('1900', '1800000', NULL, 'Senegal 1900');
-- INSERT INTO YEAR_AND_POPULATION (YEAR_OF_MEASUREMENT, population, ANNUAL_GROWTH, country_name) VALUES ('1900', '200000', NULL, 'Gambia 1900');
-- INSERT INTO YEAR_AND_POPULATION (YEAR_OF_MEASUREMENT, population, ANNUAL_GROWTH, country_name) VALUES ('1900', '6000000', NULL, 'French West Africa 1900');
-- INSERT INTO YEAR_AND_POPULATION (YEAR_OF_MEASUREMENT, population, ANNUAL_GROWTH, country_name) VALUES ('1900', '600000', NULL, 'French Equatorial Africa 1900');
-- INSERT INTO YEAR_AND_POPULATION (YEAR_OF_MEASUREMENT, population, ANNUAL_GROWTH, country_name) VALUES ('1900', '100000', NULL, 'French Somaliland 1900');
-- INSERT INTO YEAR_AND_POPULATION (YEAR_OF_MEASUREMENT, population, ANNUAL_GROWTH, country_name) VALUES ('1900', '1000000', NULL, 'Libya 1900');
-- INSERT INTO YEAR_AND_POPULATION (YEAR_OF_MEASUREMENT, population, ANNUAL_GROWTH, country_name) VALUES ('1900', '3500000', NULL, 'Sudan 1900');
-- INSERT INTO YEAR_AND_POPULATION (YEAR_OF_MEASUREMENT, population, ANNUAL_GROWTH, country_name) VALUES ('1900', '8000000', NULL, 'Belgian Congo 1900');
-- INSERT INTO YEAR_AND_POPULATION (YEAR_OF_MEASUREMENT, population, ANNUAL_GROWTH, country_name) VALUES ('1900', '1500000', NULL, 'Portuguese Angola 1900');
-- INSERT INTO YEAR_AND_POPULATION (YEAR_OF_MEASUREMENT, population, ANNUAL_GROWTH, country_name) VALUES ('1900', '3500000', NULL, 'Mozambique 1900');
-- INSERT INTO YEAR_AND_POPULATION (YEAR_OF_MEASUREMENT, population, ANNUAL_GROWTH, country_name) VALUES ('1900', '2750000', NULL, 'Cape Colony 1900');
-- INSERT INTO YEAR_AND_POPULATION (YEAR_OF_MEASUREMENT, population, ANNUAL_GROWTH, country_name) VALUES ('1900', '750000', NULL, 'Transvaal 1900');
-- INSERT INTO YEAR_AND_POPULATION (YEAR_OF_MEASUREMENT, population, ANNUAL_GROWTH, country_name) VALUES ('1900', '200000', NULL, 'Orange Free State 1900');
-- INSERT INTO YEAR_AND_POPULATION (YEAR_OF_MEASUREMENT, population, ANNUAL_GROWTH, country_name) VALUES ('1900', '500000', NULL, 'Rhodesia 1900');
-- INSERT INTO YEAR_AND_POPULATION (YEAR_OF_MEASUREMENT, population, ANNUAL_GROWTH, country_name) VALUES ('1900', '300000', NULL, 'Zanzibar 1900');
-- INSERT INTO YEAR_AND_POPULATION (YEAR_OF_MEASUREMENT, population, ANNUAL_GROWTH, country_name) VALUES ('1900', '3000000', NULL, 'Kenya 1900');
-- INSERT INTO YEAR_AND_POPULATION (YEAR_OF_MEASUREMENT, population, ANNUAL_GROWTH, country_name) VALUES ('1900', '1600000', NULL, 'Uganda 1900');
-- INSERT INTO YEAR_AND_POPULATION (YEAR_OF_MEASUREMENT, population, ANNUAL_GROWTH, country_name) VALUES ('1900', '7200000', NULL, 'German East Africa 1900');
-- INSERT INTO YEAR_AND_POPULATION (YEAR_OF_MEASUREMENT, population, ANNUAL_GROWTH, country_name) VALUES ('1900', '200000', NULL, 'German Southwest Africa 1900');
-- INSERT INTO YEAR_AND_POPULATION (YEAR_OF_MEASUREMENT, population, ANNUAL_GROWTH, country_name) VALUES ('1900', '1400000', NULL, 'Cameroon 1900');
-- INSERT INTO YEAR_AND_POPULATION (YEAR_OF_MEASUREMENT, population, ANNUAL_GROWTH, country_name) VALUES ('1900', '200000', NULL, 'Togo 1900');
-- INSERT INTO YEAR_AND_POPULATION (YEAR_OF_MEASUREMENT, population, ANNUAL_GROWTH, country_name) VALUES ('1900', '50000', NULL, 'Guam 1900');
-- INSERT INTO YEAR_AND_POPULATION (YEAR_OF_MEASUREMENT, population, ANNUAL_GROWTH, country_name) VALUES ('1900', '900000', NULL, 'Papua 1900');
--
-- --
-- --     1939
-- --
--
-- INSERT INTO Country (COUNTRY_NAME, GENC, FLAG_URL) VALUES ('British Empire 1939', 'BE1939', '/images/BE1939.png');
-- INSERT INTO Country (COUNTRY_NAME, GENC, FLAG_URL) VALUES ('Japanese Empire 1939', 'JP1939', '/images/JP1939.png');
-- INSERT INTO Country (COUNTRY_NAME, GENC, FLAG_URL) VALUES ('China 1939', 'CN1939', '/images/CN1939.png');
-- INSERT INTO Country (COUNTRY_NAME, GENC, FLAG_URL) VALUES ('Soviet Union 1939', 'SU1939', '/images/SU1939.png');
-- INSERT INTO Country (COUNTRY_NAME, GENC, FLAG_URL) VALUES ('United States 1939', 'US1939', '/images/US1939.png');
-- INSERT INTO Country (COUNTRY_NAME, GENC, FLAG_URL) VALUES ('French Empire 1939', 'FR1939', '/images/FR1939.png');
-- INSERT INTO Country (COUNTRY_NAME, GENC, FLAG_URL) VALUES ('Germany 1939', 'DE1939', '/images/DE1939.png');
-- INSERT INTO Country (COUNTRY_NAME, GENC, FLAG_URL) VALUES ('Dutch Empire 1939', 'NL1939', '/images/NL1939.png');
-- INSERT INTO Country (COUNTRY_NAME, GENC, FLAG_URL) VALUES ('Italian Empire 1939', 'IT1939', '/images/IT1939.png');
-- INSERT INTO Country (COUNTRY_NAME, GENC, FLAG_URL) VALUES ('Brazil 1939', 'BR1939', '/images/BR1939.png');
-- INSERT INTO Country (COUNTRY_NAME, GENC, FLAG_URL) VALUES ('Poland 1939', 'PL1939', '/images/PL1939.png');
-- INSERT INTO Country (COUNTRY_NAME, GENC, FLAG_URL) VALUES ('Spanish Empire 1939', 'ES1939', '/images/ES1939.png');
-- INSERT INTO Country (COUNTRY_NAME, GENC, FLAG_URL) VALUES ('Belgian Empire 1939', 'BM1939', '/images/BM1939.png');
-- INSERT INTO Country (COUNTRY_NAME, GENC, FLAG_URL) VALUES ('Romania 1939', 'RO1939', '/images/RO1939.png');
-- INSERT INTO Country (COUNTRY_NAME, GENC, FLAG_URL) VALUES ('Mexico 1939', 'MX1939', '/images/MX1939.png');
-- INSERT INTO Country (COUNTRY_NAME, GENC, FLAG_URL) VALUES ('Portuguese Empire 1939', 'PT1939', '/images/PT1939.png');
-- INSERT INTO Country (COUNTRY_NAME, GENC, FLAG_URL) VALUES ('Turkey 1939', 'TR1939', '/images/TR1939.png');
-- INSERT INTO Country (COUNTRY_NAME, GENC, FLAG_URL) VALUES ('Yugoslavia 1939', 'YU1939', '/images/YU1939.png');
-- INSERT INTO Country (COUNTRY_NAME, GENC, FLAG_URL) VALUES ('Thailand 1939', 'TH1939', '/images/TH1939.png');
-- INSERT INTO Country (COUNTRY_NAME, GENC, FLAG_URL) VALUES ('Persia 1939', 'IR1939', '/images/IR1939.png');
-- INSERT INTO Country (COUNTRY_NAME, GENC, FLAG_URL) VALUES ('Argentina 1939', 'AR1939', '/images/AR1939.png');
-- INSERT INTO Country (COUNTRY_NAME, GENC, FLAG_URL) VALUES ('Canada 1939', 'CA1939', '/images/CA1939.png');
-- INSERT INTO Country (COUNTRY_NAME, GENC, FLAG_URL) VALUES ('Union of South Africa 1939', 'ZA1939', '/images/ZA1939.png');
-- INSERT INTO Country (COUNTRY_NAME, GENC, FLAG_URL) VALUES ('Hungary 1939', 'HU1939', '/images/HU1939.png');
-- INSERT INTO Country (COUNTRY_NAME, GENC, FLAG_URL) VALUES ('Colombia 1939', 'CO1939', '/images/CO1939.png');
-- INSERT INTO Country (COUNTRY_NAME, GENC, FLAG_URL) VALUES ('Greece 1939', 'GR1939', '/images/GR1939.png');
-- INSERT INTO Country (COUNTRY_NAME, GENC, FLAG_URL) VALUES ('Afghanistan 1939', 'AF1939', '/images/AF1939.png');
-- INSERT INTO Country (COUNTRY_NAME, GENC, FLAG_URL) VALUES ('Peru 1939', 'PE1939', '/images/PE1939.png');
-- INSERT INTO Country (COUNTRY_NAME, GENC, FLAG_URL) VALUES ('Bulgaria 1939', 'BG1939', '/images/BG1939.png');
-- INSERT INTO Country (COUNTRY_NAME, GENC, FLAG_URL) VALUES ('Sweden 1939', 'SE1939', '/images/SE1939.png');
-- INSERT INTO Country (COUNTRY_NAME, GENC, FLAG_URL) VALUES ('Nepal 1939', 'NP1939', '/images/NP1939.png');
-- INSERT INTO Country (COUNTRY_NAME, GENC, FLAG_URL) VALUES ('Chile 1939', 'CL1939', '/images/CL1939.png');
-- INSERT INTO Country (COUNTRY_NAME, GENC, FLAG_URL) VALUES ('Cuba 1939', 'CU1939', '/images/CU1939.png');
-- INSERT INTO Country (COUNTRY_NAME, GENC, FLAG_URL) VALUES ('Switzerland 1939', 'CH1939', '/images/CH1939.png');
-- INSERT INTO Country (COUNTRY_NAME, GENC, FLAG_URL) VALUES ('Denmark 1939', 'DK1939', '/images/DK1939.png');
-- INSERT INTO Country (COUNTRY_NAME, GENC, FLAG_URL) VALUES ('Finland 1939', 'FI1939', '/images/FI1939.png');
-- INSERT INTO Country (COUNTRY_NAME, GENC, FLAG_URL) VALUES ('Iraq 1939', 'IQ1939', '/images/IQ1939.png');
-- INSERT INTO Country (COUNTRY_NAME, GENC, FLAG_URL) VALUES ('Venezuela 1939', 'VE1939', '/images/VE1939.png');
-- INSERT INTO Country (COUNTRY_NAME, GENC, FLAG_URL) VALUES ('Ireland 1939', 'IE1939', '/images/IE1939.png');
-- INSERT INTO Country (COUNTRY_NAME, GENC, FLAG_URL) VALUES ('Norway 1939', 'NO1939', '/images/NO1939.png');
-- INSERT INTO Country (COUNTRY_NAME, GENC, FLAG_URL) VALUES ('Yemen 1939', 'YE1939', '/images/YE1939.png');
-- INSERT INTO Country (COUNTRY_NAME, GENC, FLAG_URL) VALUES ('Haiti 1939', 'HT1939', '/images/HT1939.png');
-- INSERT INTO Country (COUNTRY_NAME, GENC, FLAG_URL) VALUES ('Saudi Arabia 1939', 'SA1939', '/images/SA1939.png');
-- INSERT INTO Country (COUNTRY_NAME, GENC, FLAG_URL) VALUES ('Bolivia 1939', 'BO1939', '/images/BO1939.png');
-- INSERT INTO Country (COUNTRY_NAME, GENC, FLAG_URL) VALUES ('Slovakia 1939', 'SK1939', '/images/SK1939.png');
-- INSERT INTO Country (COUNTRY_NAME, GENC, FLAG_URL) VALUES ('Lithuania 1939', 'LT1939', '/images/LT1939.png');
-- INSERT INTO Country (COUNTRY_NAME, GENC, FLAG_URL) VALUES ('Ecuador 1939', 'EC1939', '/images/EC1939.png');
-- INSERT INTO Country (COUNTRY_NAME, GENC, FLAG_URL) VALUES ('Guatemala 1939', 'GT1939', '/images/GT1939.png');
-- INSERT INTO Country (COUNTRY_NAME, GENC, FLAG_URL) VALUES ('Latvia 1939', 'LV1939', '/images/LV1939.png');
-- INSERT INTO Country (COUNTRY_NAME, GENC, FLAG_URL) VALUES ('Uruguay 1939', 'UY1939', '/images/UY1939.png');
-- INSERT INTO Country (COUNTRY_NAME, GENC, FLAG_URL) VALUES ('Dominican Republic 1939', 'DO1939', '/images/DO1939.png');
-- INSERT INTO Country (COUNTRY_NAME, GENC, FLAG_URL) VALUES ('El Salvador 1939', 'SV1939', '/images/SV1939.png');
-- INSERT INTO Country (COUNTRY_NAME, GENC, FLAG_URL) VALUES ('Estonia 1939', 'EE1939', '/images/EE1939.png');
-- INSERT INTO Country (COUNTRY_NAME, GENC, FLAG_URL) VALUES ('Honduras 1939', 'HN1939', '/images/HN1939.png');
-- INSERT INTO Country (COUNTRY_NAME, GENC, FLAG_URL) VALUES ('Albania 1939', 'AL1939', '/images/AL1939.png');
-- INSERT INTO Country (COUNTRY_NAME, GENC, FLAG_URL) VALUES ('Tibet 1939', 'TI1939', '/images/TI1939.png');
-- INSERT INTO Country (COUNTRY_NAME, GENC, FLAG_URL) VALUES ('Paraguay 1939', 'PY1939', '/images/PY1939.png');
-- INSERT INTO Country (COUNTRY_NAME, GENC, FLAG_URL) VALUES ('Mongolia 1939', 'MN1939', '/images/MN1939.png');
-- INSERT INTO Country (COUNTRY_NAME, GENC, FLAG_URL) VALUES ('Nicaragua 1939', 'NI1939', '/images/NI1939.png');
-- INSERT INTO Country (COUNTRY_NAME, GENC, FLAG_URL) VALUES ('Liberia 1939', 'LR1939', '/images/LR1939.png');
-- INSERT INTO Country (COUNTRY_NAME, GENC, FLAG_URL) VALUES ('Costa Rica 1939', 'CR1939', '/images/CR1939.png');
-- INSERT INTO Country (COUNTRY_NAME, GENC, FLAG_URL) VALUES ('Panama 1939', 'PA1939', '/images/PA1939.png');
-- INSERT INTO Country (COUNTRY_NAME, GENC, FLAG_URL) VALUES ('Bhutan 1939', 'BT1939', '/images/BT1939.png');
-- INSERT INTO Country (COUNTRY_NAME, GENC, FLAG_URL) VALUES ('Danzig 1939', 'DZ1939', '/images/DZ1939.png');
-- INSERT INTO Country (COUNTRY_NAME, GENC, FLAG_URL) VALUES ('Luxembourg 1939', 'LU1939', '/images/LU1939.png');
-- INSERT INTO Country (COUNTRY_NAME, GENC, FLAG_URL) VALUES ('Monaco 1939', 'MC1939', '/images/MC1939.png');
-- INSERT INTO Country (COUNTRY_NAME, GENC, FLAG_URL) VALUES ('San Marino 1939', 'SM1939', '/images/SM1939.png');
-- INSERT INTO Country (COUNTRY_NAME, GENC, FLAG_URL) VALUES ('Liechtenstein 1939', 'LI1939', '/images/LI1939.png');
-- INSERT INTO Country (COUNTRY_NAME, GENC, FLAG_URL) VALUES ('Andorra 1939', 'AD1939', '/images/AD1939.png');
-- INSERT INTO Country (COUNTRY_NAME, GENC, FLAG_URL) VALUES ('Vatican City 1939', 'VA1939', '/images/VA1939.png');
--
-- INSERT INTO YEAR_AND_POPULATION (YEAR_OF_MEASUREMENT, population, ANNUAL_GROWTH, country_name) VALUES ('1939', '545463825', NULL, 'British Empire 1939');
-- INSERT INTO YEAR_AND_POPULATION (YEAR_OF_MEASUREMENT, population, ANNUAL_GROWTH, country_name) VALUES ('1939', '304119000', NULL, 'Japanese Empire 1939');
-- INSERT INTO YEAR_AND_POPULATION (YEAR_OF_MEASUREMENT, population, ANNUAL_GROWTH, country_name) VALUES ('1939', '267568000', NULL, 'China 1939');
-- INSERT INTO YEAR_AND_POPULATION (YEAR_OF_MEASUREMENT, population, ANNUAL_GROWTH, country_name) VALUES ('1939', '170918811', NULL, 'Soviet Union 1939');
-- INSERT INTO YEAR_AND_POPULATION (YEAR_OF_MEASUREMENT, population, ANNUAL_GROWTH, country_name) VALUES ('1939', '138499069', NULL, 'United States 1939');
-- INSERT INTO YEAR_AND_POPULATION (YEAR_OF_MEASUREMENT, population, ANNUAL_GROWTH, country_name) VALUES ('1939', '111524472', NULL, 'French Empire 1939');
-- INSERT INTO YEAR_AND_POPULATION (YEAR_OF_MEASUREMENT, population, ANNUAL_GROWTH, country_name) VALUES ('1939', '86755281', NULL, 'Germany 1939');
-- INSERT INTO YEAR_AND_POPULATION (YEAR_OF_MEASUREMENT, population, ANNUAL_GROWTH, country_name) VALUES ('1939', '78366300', NULL, 'Dutch Empire 1939');
-- INSERT INTO YEAR_AND_POPULATION (YEAR_OF_MEASUREMENT, population, ANNUAL_GROWTH, country_name) VALUES ('1939', '57596517', NULL, 'Italian Empire 1939');
-- INSERT INTO YEAR_AND_POPULATION (YEAR_OF_MEASUREMENT, population, ANNUAL_GROWTH, country_name) VALUES ('1939', '40289000', NULL, 'Brazil 1939');
-- INSERT INTO YEAR_AND_POPULATION (YEAR_OF_MEASUREMENT, population, ANNUAL_GROWTH, country_name) VALUES ('1939', '34849000', NULL, 'Poland 1939');
-- INSERT INTO YEAR_AND_POPULATION (YEAR_OF_MEASUREMENT, population, ANNUAL_GROWTH, country_name) VALUES ('1939', '26822800', NULL, 'Spanish Empire 1939');
-- INSERT INTO YEAR_AND_POPULATION (YEAR_OF_MEASUREMENT, population, ANNUAL_GROWTH, country_name) VALUES ('1939', '22491000', NULL, 'Belgian Empire 1939');
-- INSERT INTO YEAR_AND_POPULATION (YEAR_OF_MEASUREMENT, population, ANNUAL_GROWTH, country_name) VALUES ('1939', '19933800', NULL, 'Romania 1939');
-- INSERT INTO YEAR_AND_POPULATION (YEAR_OF_MEASUREMENT, population, ANNUAL_GROWTH, country_name) VALUES ('1939', '19320000', NULL, 'Mexico 1939');
-- INSERT INTO YEAR_AND_POPULATION (YEAR_OF_MEASUREMENT, population, ANNUAL_GROWTH, country_name) VALUES ('1939', '18595400', NULL, 'Portuguese Empire 1939');
-- INSERT INTO YEAR_AND_POPULATION (YEAR_OF_MEASUREMENT, population, ANNUAL_GROWTH, country_name) VALUES ('1939', '17370000', NULL, 'Turkey 1939');
-- INSERT INTO YEAR_AND_POPULATION (YEAR_OF_MEASUREMENT, population, ANNUAL_GROWTH, country_name) VALUES ('1939', '15490000', NULL, 'Yugoslavia 1939');
-- INSERT INTO YEAR_AND_POPULATION (YEAR_OF_MEASUREMENT, population, ANNUAL_GROWTH, country_name) VALUES ('1939', '15023000', NULL, 'Thailand 1939');
-- INSERT INTO YEAR_AND_POPULATION (YEAR_OF_MEASUREMENT, population, ANNUAL_GROWTH, country_name) VALUES ('1939', '14340000', NULL, 'Persia 1939');
-- INSERT INTO YEAR_AND_POPULATION (YEAR_OF_MEASUREMENT, population, ANNUAL_GROWTH, country_name) VALUES ('1939', '13948000', NULL, 'Argentina 1939');
-- INSERT INTO YEAR_AND_POPULATION (YEAR_OF_MEASUREMENT, population, ANNUAL_GROWTH, country_name) VALUES ('1939', '11267000', NULL, 'Canada 1939');
-- INSERT INTO YEAR_AND_POPULATION (YEAR_OF_MEASUREMENT, population, ANNUAL_GROWTH, country_name) VALUES ('1939', '10160000', NULL, 'Union of South Africa 1939');
-- INSERT INTO YEAR_AND_POPULATION (YEAR_OF_MEASUREMENT, population, ANNUAL_GROWTH, country_name) VALUES ('1939', '9129000', NULL, 'Hungary 1939');
-- INSERT INTO YEAR_AND_POPULATION (YEAR_OF_MEASUREMENT, population, ANNUAL_GROWTH, country_name) VALUES ('1939', '8896000', NULL, 'Colombia 1939');
-- INSERT INTO YEAR_AND_POPULATION (YEAR_OF_MEASUREMENT, population, ANNUAL_GROWTH, country_name) VALUES ('1939', '7222000', NULL, 'Greece 1939');
-- INSERT INTO YEAR_AND_POPULATION (YEAR_OF_MEASUREMENT, population, ANNUAL_GROWTH, country_name) VALUES ('1939', '6970000', NULL, 'Afghanistan 1939');
-- INSERT INTO YEAR_AND_POPULATION (YEAR_OF_MEASUREMENT, population, ANNUAL_GROWTH, country_name) VALUES ('1939', '6572000', NULL, 'Peru 1939');
-- INSERT INTO YEAR_AND_POPULATION (YEAR_OF_MEASUREMENT, population, ANNUAL_GROWTH, country_name) VALUES ('1939', '6458000', NULL, 'Bulgaria 1939');
-- INSERT INTO YEAR_AND_POPULATION (YEAR_OF_MEASUREMENT, population, ANNUAL_GROWTH, country_name) VALUES ('1939', '6341000', NULL, 'Sweden 1939');
-- INSERT INTO YEAR_AND_POPULATION (YEAR_OF_MEASUREMENT, population, ANNUAL_GROWTH, country_name) VALUES ('1939', '6087000', NULL, 'Nepal 1939');
-- INSERT INTO YEAR_AND_POPULATION (YEAR_OF_MEASUREMENT, population, ANNUAL_GROWTH, country_name) VALUES ('1939', '4914000', NULL, 'Chile 1939');
-- INSERT INTO YEAR_AND_POPULATION (YEAR_OF_MEASUREMENT, population, ANNUAL_GROWTH, country_name) VALUES ('1939', '4235000', NULL, 'Cuba 1939');
-- INSERT INTO YEAR_AND_POPULATION (YEAR_OF_MEASUREMENT, population, ANNUAL_GROWTH, country_name) VALUES ('1939', '4210000', NULL, 'Switzerland 1939');
-- INSERT INTO YEAR_AND_POPULATION (YEAR_OF_MEASUREMENT, population, ANNUAL_GROWTH, country_name) VALUES ('1939', '3959200', NULL, 'Denmark 1939');
-- INSERT INTO YEAR_AND_POPULATION (YEAR_OF_MEASUREMENT, population, ANNUAL_GROWTH, country_name) VALUES ('1939', '3700000', NULL, 'Finland 1939');
-- INSERT INTO YEAR_AND_POPULATION (YEAR_OF_MEASUREMENT, population, ANNUAL_GROWTH, country_name) VALUES ('1939', '3698000', NULL, 'Iraq 1939');
-- INSERT INTO YEAR_AND_POPULATION (YEAR_OF_MEASUREMENT, population, ANNUAL_GROWTH, country_name) VALUES ('1939', '3628000', NULL, 'Venezuela 1939');
-- INSERT INTO YEAR_AND_POPULATION (YEAR_OF_MEASUREMENT, population, ANNUAL_GROWTH, country_name) VALUES ('1939', '2960000', NULL, 'Ireland 1939');
-- INSERT INTO YEAR_AND_POPULATION (YEAR_OF_MEASUREMENT, population, ANNUAL_GROWTH, country_name) VALUES ('1939', '2945000', NULL, 'Norway 1939');
-- INSERT INTO YEAR_AND_POPULATION (YEAR_OF_MEASUREMENT, population, ANNUAL_GROWTH, country_name) VALUES ('1939', '2775000', NULL, 'Yemen 1939');
-- INSERT INTO YEAR_AND_POPULATION (YEAR_OF_MEASUREMENT, population, ANNUAL_GROWTH, country_name) VALUES ('1939', '2707000', NULL, 'Haiti 1939');
-- INSERT INTO YEAR_AND_POPULATION (YEAR_OF_MEASUREMENT, population, ANNUAL_GROWTH, country_name) VALUES ('1939', '2670000', NULL, 'Saudi Arabia 1939');
-- INSERT INTO YEAR_AND_POPULATION (YEAR_OF_MEASUREMENT, population, ANNUAL_GROWTH, country_name) VALUES ('1939', '2659000', NULL, 'Bolivia 1939');
-- INSERT INTO YEAR_AND_POPULATION (YEAR_OF_MEASUREMENT, population, ANNUAL_GROWTH, country_name) VALUES ('1939', '2655000', NULL, 'Slovakia 1939');
-- INSERT INTO YEAR_AND_POPULATION (YEAR_OF_MEASUREMENT, population, ANNUAL_GROWTH, country_name) VALUES ('1939', '2575000', NULL, 'Lithuania 1939');
-- INSERT INTO YEAR_AND_POPULATION (YEAR_OF_MEASUREMENT, population, ANNUAL_GROWTH, country_name) VALUES ('1939', '2412000', NULL, 'Ecuador 1939');
-- INSERT INTO YEAR_AND_POPULATION (YEAR_OF_MEASUREMENT, population, ANNUAL_GROWTH, country_name) VALUES ('1939', '2150000', NULL, 'Guatemala 1939');
-- INSERT INTO YEAR_AND_POPULATION (YEAR_OF_MEASUREMENT, population, ANNUAL_GROWTH, country_name) VALUES ('1939', '1994500', NULL, 'Latvia 1939');
-- INSERT INTO YEAR_AND_POPULATION (YEAR_OF_MEASUREMENT, population, ANNUAL_GROWTH, country_name) VALUES ('1939', '1953000', NULL, 'Uruguay 1939');
-- INSERT INTO YEAR_AND_POPULATION (YEAR_OF_MEASUREMENT, population, ANNUAL_GROWTH, country_name) VALUES ('1939', '1634000', NULL, 'Dominican Republic 1939');
-- INSERT INTO YEAR_AND_POPULATION (YEAR_OF_MEASUREMENT, population, ANNUAL_GROWTH, country_name) VALUES ('1939', '1459600', NULL, 'El Salvador 1939');
-- INSERT INTO YEAR_AND_POPULATION (YEAR_OF_MEASUREMENT, population, ANNUAL_GROWTH, country_name) VALUES ('1939', '1134000', NULL, 'Estonia 1939');
-- INSERT INTO YEAR_AND_POPULATION (YEAR_OF_MEASUREMENT, population, ANNUAL_GROWTH, country_name) VALUES ('1939', '1096950', NULL, 'Honduras 1939');
-- INSERT INTO YEAR_AND_POPULATION (YEAR_OF_MEASUREMENT, population, ANNUAL_GROWTH, country_name) VALUES ('1939', '1073000', NULL, 'Albania 1939');
-- INSERT INTO YEAR_AND_POPULATION (YEAR_OF_MEASUREMENT, population, ANNUAL_GROWTH, country_name) VALUES ('1939', '1000000', NULL, 'Tibet 1939');
-- INSERT INTO YEAR_AND_POPULATION (YEAR_OF_MEASUREMENT, population, ANNUAL_GROWTH, country_name) VALUES ('1939', '931800', NULL, 'Paraguay 1939');
-- INSERT INTO YEAR_AND_POPULATION (YEAR_OF_MEASUREMENT, population, ANNUAL_GROWTH, country_name) VALUES ('1939', '819000', NULL, 'Mongolia 1939');
-- INSERT INTO YEAR_AND_POPULATION (YEAR_OF_MEASUREMENT, population, ANNUAL_GROWTH, country_name) VALUES ('1939', '806000', NULL, 'Nicaragua 1939');
-- INSERT INTO YEAR_AND_POPULATION (YEAR_OF_MEASUREMENT, population, ANNUAL_GROWTH, country_name) VALUES ('1939', '780000', NULL, 'Liberia 1939');
-- INSERT INTO YEAR_AND_POPULATION (YEAR_OF_MEASUREMENT, population, ANNUAL_GROWTH, country_name) VALUES ('1939', '623400', NULL, 'Costa Rica 1939');
-- INSERT INTO YEAR_AND_POPULATION (YEAR_OF_MEASUREMENT, population, ANNUAL_GROWTH, country_name) VALUES ('1939', '605000', NULL, 'Panama 1939');
-- INSERT INTO YEAR_AND_POPULATION (YEAR_OF_MEASUREMENT, population, ANNUAL_GROWTH, country_name) VALUES ('1939', '470000', NULL, 'Bhutan 1939');
-- INSERT INTO YEAR_AND_POPULATION (YEAR_OF_MEASUREMENT, population, ANNUAL_GROWTH, country_name) VALUES ('1939', '408000', NULL, 'Danzig 1939');
-- INSERT INTO YEAR_AND_POPULATION (YEAR_OF_MEASUREMENT, population, ANNUAL_GROWTH, country_name) VALUES ('1939', '295000', NULL, 'Luxembourg 1939');
-- INSERT INTO YEAR_AND_POPULATION (YEAR_OF_MEASUREMENT, population, ANNUAL_GROWTH, country_name) VALUES ('1939', '24000', NULL, 'Monaco 1939');
-- INSERT INTO YEAR_AND_POPULATION (YEAR_OF_MEASUREMENT, population, ANNUAL_GROWTH, country_name) VALUES ('1939', '14500', NULL, 'San Marino 1939');
-- INSERT INTO YEAR_AND_POPULATION (YEAR_OF_MEASUREMENT, population, ANNUAL_GROWTH, country_name) VALUES ('1939', '13000', NULL, 'Liechtenstein 1939');
-- INSERT INTO YEAR_AND_POPULATION (YEAR_OF_MEASUREMENT, population, ANNUAL_GROWTH, country_name) VALUES ('1939', '6000', NULL, 'Andorra 1939');
-- INSERT INTO YEAR_AND_POPULATION (YEAR_OF_MEASUREMENT, population, ANNUAL_GROWTH, country_name) VALUES ('1939', '1000', NULL, 'Vatican City 1939');
--
--
--
-- --
-- -- 1989
-- --
-- INSERT INTO Country (COUNTRY_NAME, GENC, FLAG_URL) VALUES ('China 1989', 'CN1989', '/images/CN1989.png');
-- INSERT INTO Country (COUNTRY_NAME, GENC, FLAG_URL) VALUES ('India 1989', 'IN1989', '/images/IN1989.png');
-- INSERT INTO Country (COUNTRY_NAME, GENC, FLAG_URL) VALUES ('Soviet Union 1989', 'SU1989', '/images/SU1989.png');
-- INSERT INTO Country (COUNTRY_NAME, GENC, FLAG_URL) VALUES ('United States 1989', 'US1989', '/images/US1989.png');
-- INSERT INTO Country (COUNTRY_NAME, GENC, FLAG_URL) VALUES ('Indonesia 1989', 'ID1989', '/images/ID1989.png');
-- INSERT INTO Country (COUNTRY_NAME, GENC, FLAG_URL) VALUES ('Brazil 1989', 'BR1989', '/images/BR1989.png');
-- INSERT INTO Country (COUNTRY_NAME, GENC, FLAG_URL) VALUES ('Japan 1989', 'JP1989', '/images/JP1989.png');
-- INSERT INTO Country (COUNTRY_NAME, GENC, FLAG_URL) VALUES ('Bangladesh 1989', 'BD1989', '/images/BD1989.png');
-- INSERT INTO Country (COUNTRY_NAME, GENC, FLAG_URL) VALUES ('Pakistan 1989', 'PK1989', '/images/PK1989.png');
-- INSERT INTO Country (COUNTRY_NAME, GENC, FLAG_URL) VALUES ('Nigeria 1989', 'NG1989', '/images/NG1989.png');
-- INSERT INTO Country (COUNTRY_NAME, GENC, FLAG_URL) VALUES ('Mexico 1989', 'MX1989', '/images/MX1989.png');
-- INSERT INTO Country (COUNTRY_NAME, GENC, FLAG_URL) VALUES ('Vietnam 1989', 'VN1989', '/images/VN1989.png');
-- INSERT INTO Country (COUNTRY_NAME, GENC, FLAG_URL) VALUES ('United Kingdom 1989', 'GB1989', '/images/GB1989.png');
-- INSERT INTO Country (COUNTRY_NAME, GENC, FLAG_URL) VALUES ('West Germany 1989', 'DE1989', '/images/DE1989.png');
-- INSERT INTO Country (COUNTRY_NAME, GENC, FLAG_URL) VALUES ('Philippines 1989', 'PH1989', '/images/PH1989.png');
-- INSERT INTO Country (COUNTRY_NAME, GENC, FLAG_URL) VALUES ('Italy 1989', 'IT1989', '/images/IT1989.png');
-- INSERT INTO Country (COUNTRY_NAME, GENC, FLAG_URL) VALUES ('France 1989', 'FR1989', '/images/FR1989.png');
-- INSERT INTO Country (COUNTRY_NAME, GENC, FLAG_URL) VALUES ('Turkey 1989', 'TR1989', '/images/TR1989.png');
-- INSERT INTO Country (COUNTRY_NAME, GENC, FLAG_URL) VALUES ('Egypt 1989', 'EG1989', '/images/EG1989.png');
-- INSERT INTO Country (COUNTRY_NAME, GENC, FLAG_URL) VALUES ('Thailand 1989', 'TH1989', '/images/TH1989.png');
-- INSERT INTO Country (COUNTRY_NAME, GENC, FLAG_URL) VALUES ('Iran 1989', 'IR1989', '/images/IR1989.png');
-- INSERT INTO Country (COUNTRY_NAME, GENC, FLAG_URL) VALUES ('Ethiopia 1989', 'ET1989', '/images/ET1989.png');
-- INSERT INTO Country (COUNTRY_NAME, GENC, FLAG_URL) VALUES ('South Korea 1989', 'KR1989', '/images/KR1989.png');
-- INSERT INTO Country (COUNTRY_NAME, GENC, FLAG_URL) VALUES ('Myanmar 1989', 'MM1989', '/images/MM1989.png');
-- INSERT INTO Country (COUNTRY_NAME, GENC, FLAG_URL) VALUES ('Spain 1989', 'ES1989', '/images/ES1989.png');
-- INSERT INTO Country (COUNTRY_NAME, GENC, FLAG_URL) VALUES ('Poland 1989', 'PL1989', '/images/PL1989.png');
-- INSERT INTO Country (COUNTRY_NAME, GENC, FLAG_URL) VALUES ('South Africa 1989', 'ZA1989', '/images/ZA1989.png');
-- INSERT INTO Country (COUNTRY_NAME, GENC, FLAG_URL) VALUES ('Zaire 1989', 'CD1989', '/images/CD1989.png');
-- INSERT INTO Country (COUNTRY_NAME, GENC, FLAG_URL) VALUES ('Argentina 1989', 'AR1989', '/images/AR1989.png');
-- INSERT INTO Country (COUNTRY_NAME, GENC, FLAG_URL) VALUES ('Colombia 1989', 'CO1989', '/images/CO1989.png');
-- INSERT INTO Country (COUNTRY_NAME, GENC, FLAG_URL) VALUES ('Canada 1989', 'CA1989', '/images/CA1989.png');
-- INSERT INTO Country (COUNTRY_NAME, GENC, FLAG_URL) VALUES ('Morocco 1989', 'MA1989', '/images/MA1989.png');
-- INSERT INTO Country (COUNTRY_NAME, GENC, FLAG_URL) VALUES ('Sudan 1989', 'SD1989', '/images/SD1989.png');
-- INSERT INTO Country (COUNTRY_NAME, GENC, FLAG_URL) VALUES ('Tanzania 1989', 'TZ1989', '/images/TZ1989.png');
-- INSERT INTO Country (COUNTRY_NAME, GENC, FLAG_URL) VALUES ('Algeria 1989', 'DZ1989', '/images/DZ1989.png');
-- INSERT INTO Country (COUNTRY_NAME, GENC, FLAG_URL) VALUES ('Yugoslavia 1989', 'YU1989', '/images/YU1989.png');
-- INSERT INTO Country (COUNTRY_NAME, GENC, FLAG_URL) VALUES ('Kenya 1989', 'KE1989', '/images/KE1989.png');
-- INSERT INTO Country (COUNTRY_NAME, GENC, FLAG_URL) VALUES ('Romania 1989', 'RO1989', '/images/RO1989.png');
-- INSERT INTO Country (COUNTRY_NAME, GENC, FLAG_URL) VALUES ('North Korea 1989', 'KP1989', '/images/KP1989.png');
-- INSERT INTO Country (COUNTRY_NAME, GENC, FLAG_URL) VALUES ('Peru 1989', 'PE1989', '/images/PE1989.png');
-- INSERT INTO Country (COUNTRY_NAME, GENC, FLAG_URL) VALUES ('Taiwan 1989', 'TW1989', '/images/TW1989.png');
-- INSERT INTO Country (COUNTRY_NAME, GENC, FLAG_URL) VALUES ('Venezuela 1989', 'VE1989', '/images/VE1989.png');
-- INSERT INTO Country (COUNTRY_NAME, GENC, FLAG_URL) VALUES ('Nepal 1989', 'NP1989', '/images/NP1989.png');
-- INSERT INTO Country (COUNTRY_NAME, GENC, FLAG_URL) VALUES ('Iraq 1989', 'IQ1989', '/images/IQ1989.png');
-- INSERT INTO Country (COUNTRY_NAME, GENC, FLAG_URL) VALUES ('Sri Lanka 1989', 'LK1989', '/images/LK1989.png');
-- INSERT INTO Country (COUNTRY_NAME, GENC, FLAG_URL) VALUES ('Malaysia 1989', 'MY1989', '/images/MY1989.png');
-- INSERT INTO Country (COUNTRY_NAME, GENC, FLAG_URL) VALUES ('Uganda 1989', 'UG1989', '/images/UG1989.png');
-- INSERT INTO Country (COUNTRY_NAME, GENC, FLAG_URL) VALUES ('Australia 1989', 'AU1989', '/images/AU1989.png');
-- INSERT INTO Country (COUNTRY_NAME, GENC, FLAG_URL) VALUES ('East Germany 1989', 'DC1989', '/images/DC1989.png');
-- INSERT INTO Country (COUNTRY_NAME, GENC, FLAG_URL) VALUES ('Czechoslovakia 1989', 'CZ1989', '/images/CZ1989.png');
-- INSERT INTO Country (COUNTRY_NAME, GENC, FLAG_URL) VALUES ('Afghanistan 1989', 'AF1989', '/images/AF1989.png');
-- INSERT INTO Country (COUNTRY_NAME, GENC, FLAG_URL) VALUES ('Mozambique 1989', 'MZ1989', '/images/MZ1989.png');
-- INSERT INTO Country (COUNTRY_NAME, GENC, FLAG_URL) VALUES ('Netherlands 1989', 'NL1989', '/images/NL1989.png');
-- INSERT INTO Country (COUNTRY_NAME, GENC, FLAG_URL) VALUES ('Ghana 1989', 'GH1989', '/images/GH1989.png');
-- INSERT INTO Country (COUNTRY_NAME, GENC, FLAG_URL) VALUES ('Saudi Arabia 1989', 'SA1989', '/images/SA1989.png');
-- INSERT INTO Country (COUNTRY_NAME, GENC, FLAG_URL) VALUES ('Chile 1989', 'CL1989', '/images/CL1989.png');
-- INSERT INTO Country (COUNTRY_NAME, GENC, FLAG_URL) VALUES ('Syria 1989', 'SY1989', '/images/SY1989.png');
-- INSERT INTO Country (COUNTRY_NAME, GENC, FLAG_URL) VALUES ('Ivory Coast 1989', 'CI1989', '/images/CI1989.png');
-- INSERT INTO Country (COUNTRY_NAME, GENC, FLAG_URL) VALUES ('Madagascar 1989', 'MG1989', '/images/MG1989.png');
-- INSERT INTO Country (COUNTRY_NAME, GENC, FLAG_URL) VALUES ('Cameroon 1989', 'CM1989', '/images/CM1989.png');
-- INSERT INTO Country (COUNTRY_NAME, GENC, FLAG_URL) VALUES ('Hungary 1989', 'HU1989', '/images/HU1989.png');
-- INSERT INTO Country (COUNTRY_NAME, GENC, FLAG_URL) VALUES ('Cuba 1989', 'CU1989', '/images/CU1989.png');
-- INSERT INTO Country (COUNTRY_NAME, GENC, FLAG_URL) VALUES ('Ecuador 1989', 'EC1989', '/images/EC1989.png');
-- INSERT INTO Country (COUNTRY_NAME, GENC, FLAG_URL) VALUES ('Portugal 1989', 'PT1989', '/images/PT1989.png');
-- INSERT INTO Country (COUNTRY_NAME, GENC, FLAG_URL) VALUES ('Greece 1989', 'GR1989', '/images/GR1989.png');
-- INSERT INTO Country (COUNTRY_NAME, GENC, FLAG_URL) VALUES ('Belgium 1989', 'BE1989', '/images/BE1989.png');
-- INSERT INTO Country (COUNTRY_NAME, GENC, FLAG_URL) VALUES ('Zimbabwe 1989', 'ZW1989', '/images/ZW1989.png');
-- INSERT INTO Country (COUNTRY_NAME, GENC, FLAG_URL) VALUES ('Bulgaria 1989', 'BG1989', '/images/BG1989.png');
-- INSERT INTO Country (COUNTRY_NAME, GENC, FLAG_URL) VALUES ('Angola 1989', 'AO1989', '/images/AO1989.png');
-- INSERT INTO Country (COUNTRY_NAME, GENC, FLAG_URL) VALUES ('Guatemala 1989', 'GT1989', '/images/GT1989.png');
-- INSERT INTO Country (COUNTRY_NAME, GENC, FLAG_URL) VALUES ('Somalia 1989', 'SO1989', '/images/SO1989.png');
-- INSERT INTO Country (COUNTRY_NAME, GENC, FLAG_URL) VALUES ('Sweden 1989', 'SE1989', '/images/SE1989.png');
-- INSERT INTO Country (COUNTRY_NAME, GENC, FLAG_URL) VALUES ('North Yemen 1989', 'YE1989', '/images/YE1989.png');
-- INSERT INTO Country (COUNTRY_NAME, GENC, FLAG_URL) VALUES ('Mali 1989', 'ML1989', '/images/ML1989.png');
-- INSERT INTO Country (COUNTRY_NAME, GENC, FLAG_URL) VALUES ('Malawi 1989', 'MW1989', '/images/MW1989.png');
-- INSERT INTO Country (COUNTRY_NAME, GENC, FLAG_URL) VALUES ('Tunisia 1989', 'TN1989', '/images/TN1989.png');
-- INSERT INTO Country (COUNTRY_NAME, GENC, FLAG_URL) VALUES ('Cambodia 1989', 'KH1989', '/images/KH1989.png');
-- INSERT INTO Country (COUNTRY_NAME, GENC, FLAG_URL) VALUES ('Zambia 1989', 'ZM1989', '/images/ZM1989.png');
-- INSERT INTO Country (COUNTRY_NAME, GENC, FLAG_URL) VALUES ('Senegal 1989', 'SN1989', '/images/SN1989.png');
-- INSERT INTO Country (COUNTRY_NAME, GENC, FLAG_URL) VALUES ('Burkina Faso 1989', 'BF1989', '/images/BF1989.png');
-- INSERT INTO Country (COUNTRY_NAME, GENC, FLAG_URL) VALUES ('Austria 1989', 'AT1989', '/images/AT1989.png');
-- INSERT INTO Country (COUNTRY_NAME, GENC, FLAG_URL) VALUES ('Niger 1989', 'NE1989', '/images/NE1989.png');
-- INSERT INTO Country (COUNTRY_NAME, GENC, FLAG_URL) VALUES ('Rwanda 1989', 'RW1989', '/images/RW1989.png');
-- INSERT INTO Country (COUNTRY_NAME, GENC, FLAG_URL) VALUES ('Dominican Republic 1989', 'DO1989', '/images/DO1989.png');
-- INSERT INTO Country (COUNTRY_NAME, GENC, FLAG_URL) VALUES ('Bolivia 1989', 'BO1989', '/images/BO1989.png');
-- INSERT INTO Country (COUNTRY_NAME, GENC, FLAG_URL) VALUES ('Switzerland 1989', 'CH1989', '/images/CH1989.png');
-- INSERT INTO Country (COUNTRY_NAME, GENC, FLAG_URL) VALUES ('Haiti 1989', 'HT1989', '/images/HT1989.png');
-- INSERT INTO Country (COUNTRY_NAME, GENC, FLAG_URL) VALUES ('Guinea 1989', 'GN1989', '/images/GN1989.png');
-- INSERT INTO Country (COUNTRY_NAME, GENC, FLAG_URL) VALUES ('Chad 1989', 'TD1989', '/images/TD1989.png');
-- INSERT INTO Country (COUNTRY_NAME, GENC, FLAG_URL) VALUES ('El Salvador 1989', 'SV1989', '/images/SV1989.png');
-- INSERT INTO Country (COUNTRY_NAME, GENC, FLAG_URL) VALUES ('Burundi 1989', 'BI1989', '/images/BI1989.png');
-- INSERT INTO Country (COUNTRY_NAME, GENC, FLAG_URL) VALUES ('Honduras 1989', 'HN1989', '/images/HN1989.png');
-- INSERT INTO Country (COUNTRY_NAME, GENC, FLAG_URL) VALUES ('Denmark 1989', 'DK1989', '/images/DK1989.png');
-- INSERT INTO Country (COUNTRY_NAME, GENC, FLAG_URL) VALUES ('Finland 1989', 'FI1989', '/images/FI1989.png');
-- INSERT INTO Country (COUNTRY_NAME, GENC, FLAG_URL) VALUES ('People''s' || ' Republic of the Benin 1989', 'BJ1989', '/images/BJ1989.png');
-- INSERT INTO Country (COUNTRY_NAME, GENC, FLAG_URL) VALUES ('Sierra Leone 1989', 'SL1989', '/images/SL1989.png');
-- INSERT INTO Country (COUNTRY_NAME, GENC, FLAG_URL) VALUES ('Libya 1989', 'LY1989', '/images/LY1989.png');
-- INSERT INTO Country (COUNTRY_NAME, GENC, FLAG_URL) VALUES ('Norway 1989', 'NO1989', '/images/NO1989.png');
-- INSERT INTO Country (COUNTRY_NAME, GENC, FLAG_URL) VALUES ('Paraguay 1989', 'PY1989', '/images/PY1989.png');
-- INSERT INTO Country (COUNTRY_NAME, GENC, FLAG_URL) VALUES ('Laos 1989', 'LA1989', '/images/LA1989.png');
-- INSERT INTO Country (COUNTRY_NAME, GENC, FLAG_URL) VALUES ('Jordan 1989', 'JO1989', '/images/JO1989.png');
-- INSERT INTO Country (COUNTRY_NAME, GENC, FLAG_URL) VALUES ('Nicaragua 1989', 'NI1989', '/images/NI1989.png');
-- INSERT INTO Country (COUNTRY_NAME, GENC, FLAG_URL) VALUES ('Ireland 1989', 'IE1989', '/images/IE1989.png');
-- INSERT INTO Country (COUNTRY_NAME, GENC, FLAG_URL) VALUES ('Papua New Guinea 1989', 'PG1989', '/images/PG1989.png');
-- INSERT INTO Country (COUNTRY_NAME, GENC, FLAG_URL) VALUES ('New Zealand 1989', 'NZ1989', '/images/NZ1989.png');
-- INSERT INTO Country (COUNTRY_NAME, GENC, FLAG_URL) VALUES ('Togo 1989', 'TG1989', '/images/TG1989.png');
-- INSERT INTO Country (COUNTRY_NAME, GENC, FLAG_URL) VALUES ('Albania 1989', 'AL1989', '/images/AL1989.png');
-- INSERT INTO Country (COUNTRY_NAME, GENC, FLAG_URL) VALUES ('Central African Republic 1989', 'CF1989', '/images/CF1989.png');
-- INSERT INTO Country (COUNTRY_NAME, GENC, FLAG_URL) VALUES ('Uruguay 1989', 'UY1989', '/images/UY1989.png');
-- INSERT INTO Country (COUNTRY_NAME, GENC, FLAG_URL) VALUES ('Lebanon 1989', 'LB1989', '/images/LB1989.png');
-- INSERT INTO Country (COUNTRY_NAME, GENC, FLAG_URL) VALUES ('Costa Rica 1989', 'CR1989', '/images/CR1989.png');
-- INSERT INTO Country (COUNTRY_NAME, GENC, FLAG_URL) VALUES ('Singapore 1989', 'SG1989', '/images/SG1989.png');
-- INSERT INTO Country (COUNTRY_NAME, GENC, FLAG_URL) VALUES ('Liberia 1989', 'LR1989', '/images/LR1989.png');
-- INSERT INTO Country (COUNTRY_NAME, GENC, FLAG_URL) VALUES ('Israel 1989', 'IL1989', '/images/IL1989.png');
-- INSERT INTO Country (COUNTRY_NAME, GENC, FLAG_URL) VALUES ('South Yemen 1989', 'YE1989', '/images/YS1989.png');
-- INSERT INTO Country (COUNTRY_NAME, GENC, FLAG_URL) VALUES ('Jamaica 1989', 'JM1989', '/images/JM1989.png');
-- INSERT INTO Country (COUNTRY_NAME, GENC, FLAG_URL) VALUES ('Panama 1989', 'PA1989', '/images/PA1989.png');
-- INSERT INTO Country (COUNTRY_NAME, GENC, FLAG_URL) VALUES ('Mongolia 1989', 'MN1989', '/images/MN1989.png');
-- INSERT INTO Country (COUNTRY_NAME, GENC, FLAG_URL) VALUES ('Palestine 1989', 'PS1989', '/images/PS1989.png');
-- INSERT INTO Country (COUNTRY_NAME, GENC, FLAG_URL) VALUES ('People''s' || ' Republic of the Congo 1989', 'CG1989', '/images/CG1989.png');
-- INSERT INTO Country (COUNTRY_NAME, GENC, FLAG_URL) VALUES ('Kuwait 1989', 'KW1989', '/images/KW1989.png');
-- INSERT INTO Country (COUNTRY_NAME, GENC, FLAG_URL) VALUES ('Mauritania 1989', 'MR1989', '/images/MR1989.png');
-- INSERT INTO Country (COUNTRY_NAME, GENC, FLAG_URL) VALUES ('Lesotho 1989', 'LS1989', '/images/LS1989.png');
-- INSERT INTO Country (COUNTRY_NAME, GENC, FLAG_URL) VALUES ('United Arab Emirates 1989', 'AE1989', '/images/AE1989.png');
-- INSERT INTO Country (COUNTRY_NAME, GENC, FLAG_URL) VALUES ('Bhutan 1989', 'BT1989', '/images/BT1989.png');
-- INSERT INTO Country (COUNTRY_NAME, GENC, FLAG_URL) VALUES ('Oman 1989', 'OM1989', '/images/OM1989.png');
-- INSERT INTO Country (COUNTRY_NAME, GENC, FLAG_URL) VALUES ('Trinidad and Tobago 1989', 'TT1989', '/images/TT1989.png');
-- INSERT INTO Country (COUNTRY_NAME, GENC, FLAG_URL) VALUES ('Botswana 1989', 'BW1989', '/images/BW1989.png');
-- INSERT INTO Country (COUNTRY_NAME, GENC, FLAG_URL) VALUES ('Gabon 1989', 'GA1989', '/images/GA1989.png');
-- INSERT INTO Country (COUNTRY_NAME, GENC, FLAG_URL) VALUES ('Mauritius 1989', 'MU1989', '/images/MU1989.png');
-- INSERT INTO Country (COUNTRY_NAME, GENC, FLAG_URL) VALUES ('Guinea-Bissau 1989', 'GW1989', '/images/GW1989.png');
-- INSERT INTO Country (COUNTRY_NAME, GENC, FLAG_URL) VALUES ('Gambia 1989', 'GM1989', '/images/GM1989.png');
-- INSERT INTO Country (COUNTRY_NAME, GENC, FLAG_URL) VALUES ('Fiji 1989', 'FJ1989', '/images/FJ1989.png');
-- INSERT INTO Country (COUNTRY_NAME, GENC, FLAG_URL) VALUES ('Swaziland 1989', 'SZ1989', '/images/SZ1989.png');
-- INSERT INTO Country (COUNTRY_NAME, GENC, FLAG_URL) VALUES ('Guyana 1989', 'GY1989', '/images/GY1989.png');
-- INSERT INTO Country (COUNTRY_NAME, GENC, FLAG_URL) VALUES ('Cyprus 1989', 'CY1989', '/images/CY1989.png');
-- INSERT INTO Country (COUNTRY_NAME, GENC, FLAG_URL) VALUES ('Bahrain 1989', 'BH1989', '/images/BH1989.png');
-- INSERT INTO Country (COUNTRY_NAME, GENC, FLAG_URL) VALUES ('Comoros 1989', 'KM1989', '/images/KM1989.png');
-- INSERT INTO Country (COUNTRY_NAME, GENC, FLAG_URL) VALUES ('Suriname 1989', 'SR1989', '/images/SR1989.png');
-- INSERT INTO Country (COUNTRY_NAME, GENC, FLAG_URL) VALUES ('Equatorial Guinea 1989', 'GQ1989', '/images/GQ1989.png');
-- INSERT INTO Country (COUNTRY_NAME, GENC, FLAG_URL) VALUES ('Djibouti 1989', 'DJ1989', '/images/DJ1989.png');
-- INSERT INTO Country (COUNTRY_NAME, GENC, FLAG_URL) VALUES ('Luxembourg 1989', 'LU1989', '/images/LU1989.png');
-- INSERT INTO Country (COUNTRY_NAME, GENC, FLAG_URL) VALUES ('Malta 1989', 'MT1989', '/images/MT1989.png');
-- INSERT INTO Country (COUNTRY_NAME, GENC, FLAG_URL) VALUES ('Qatar 1989', 'QA1989', '/images/QA1989.png');
-- INSERT INTO Country (COUNTRY_NAME, GENC, FLAG_URL) VALUES ('Cape Verde 1989', 'CV1989', '/images/CV1989.png');
-- INSERT INTO Country (COUNTRY_NAME, GENC, FLAG_URL) VALUES ('Solomon Islands 1989', 'SB1989', '/images/SB1989.png');
-- INSERT INTO Country (COUNTRY_NAME, GENC, FLAG_URL) VALUES ('Brunei 1989', 'BN1989', '/images/BN1989.png');
-- INSERT INTO Country (COUNTRY_NAME, GENC, FLAG_URL) VALUES ('Barbados 1989', 'BB1989', '/images/BB1989.png');
-- INSERT INTO Country (COUNTRY_NAME, GENC, FLAG_URL) VALUES ('Iceland 1989', 'IS1989', '/images/IS1989.png');
-- INSERT INTO Country (COUNTRY_NAME, GENC, FLAG_URL) VALUES ('Bahamas 1989', 'BS1989', '/images/BS1989.png');
-- INSERT INTO Country (COUNTRY_NAME, GENC, FLAG_URL) VALUES ('Maldives 1989', 'MV1989', '/images/MV1989.png');
-- INSERT INTO Country (COUNTRY_NAME, GENC, FLAG_URL) VALUES ('Belize 1989', 'BZ1989', '/images/BZ1989.png');
-- INSERT INTO Country (COUNTRY_NAME, GENC, FLAG_URL) VALUES ('Samoa 1989', 'WS1989', '/images/WS1989.png');
-- INSERT INTO Country (COUNTRY_NAME, GENC, FLAG_URL) VALUES ('Vanuatu 1989', 'VU1989', '/images/VU1989.png');
-- INSERT INTO Country (COUNTRY_NAME, GENC, FLAG_URL) VALUES ('Saint Lucia 1989', 'LC1989', '/images/LC1989.png');
-- INSERT INTO Country (COUNTRY_NAME, GENC, FLAG_URL) VALUES ('So Tom and Prncipe 1989', 'ST1989', '/images/ST1989.png');
-- INSERT INTO Country (COUNTRY_NAME, GENC, FLAG_URL) VALUES ('Tonga 1989', 'TO1989', '/images/TO1989.png');
-- INSERT INTO Country (COUNTRY_NAME, GENC, FLAG_URL) VALUES ('Saint Vincent and the Grenadines 1989', 'VC1989', '/images/VC1989.png');
-- INSERT INTO Country (COUNTRY_NAME, GENC, FLAG_URL) VALUES ('Grenada 1989', 'GD1989', '/images/GD1989.png');
-- INSERT INTO Country (COUNTRY_NAME, GENC, FLAG_URL) VALUES ('Antigua and Barbuda 1989', 'AG1989', '/images/AG1989.png');
-- INSERT INTO Country (COUNTRY_NAME, GENC, FLAG_URL) VALUES ('Dominica 1989', 'DM1989', '/images/DM1989.png');
-- INSERT INTO Country (COUNTRY_NAME, GENC, FLAG_URL) VALUES ('Seychelles 1989', 'SC1989', '/images/SC1989.png');
-- INSERT INTO Country (COUNTRY_NAME, GENC, FLAG_URL) VALUES ('Kiribati 1989', 'KI1989', '/images/KI1989.png');
-- INSERT INTO Country (COUNTRY_NAME, GENC, FLAG_URL) VALUES ('Andorra 1989', 'AD1989', '/images/AD1989.png');
-- INSERT INTO Country (COUNTRY_NAME, GENC, FLAG_URL) VALUES ('Saint Kitts and Nevis 1989', 'KN1989', '/images/KN1989.png');
-- INSERT INTO Country (COUNTRY_NAME, GENC, FLAG_URL) VALUES ('Liechtenstein 1989', 'LI1989', '/images/LI1989.png');
-- INSERT INTO Country (COUNTRY_NAME, GENC, FLAG_URL) VALUES ('Monaco 1989', 'MC1989', '/images/MC1989.png');
-- INSERT INTO Country (COUNTRY_NAME, GENC, FLAG_URL) VALUES ('San Marino 1989', 'SM1989', '/images/SM1989.png');
-- INSERT INTO Country (COUNTRY_NAME, GENC, FLAG_URL) VALUES ('Tuvalu 1989', 'TV1989', '/images/TV1989.png');
-- INSERT INTO Country (COUNTRY_NAME, GENC, FLAG_URL) VALUES ('Nauru 1989', 'NR1989', '/images/NR1989.png');
-- INSERT INTO Country (COUNTRY_NAME, GENC, FLAG_URL) VALUES ('Vatican City 1989', 'VA1989', '/images/VA1989.png');
-- INSERT INTO YEAR_AND_POPULATION (YEAR_OF_MEASUREMENT, population, ANNUAL_GROWTH, country_name) VALUES ('1989', '1110000000 ', 'NULL', 'China 1989');
-- INSERT INTO YEAR_AND_POPULATION (YEAR_OF_MEASUREMENT, population, ANNUAL_GROWTH, country_name) VALUES ('1989', '814000000 ', 'NULL', 'India 1989');
-- INSERT INTO YEAR_AND_POPULATION (YEAR_OF_MEASUREMENT, population, ANNUAL_GROWTH, country_name) VALUES ('1989', '287800000', 'NULL', 'Soviet Union 1989');
-- INSERT INTO YEAR_AND_POPULATION (YEAR_OF_MEASUREMENT, population, ANNUAL_GROWTH, country_name) VALUES ('1989', '250140000', 'NULL', 'United States 1989');
-- INSERT INTO YEAR_AND_POPULATION (YEAR_OF_MEASUREMENT, population, ANNUAL_GROWTH, country_name) VALUES ('1989', '175000000', 'NULL', 'Indonesia 1989');
-- INSERT INTO YEAR_AND_POPULATION (YEAR_OF_MEASUREMENT, population, ANNUAL_GROWTH, country_name) VALUES ('1989', '147500000', 'NULL', 'Brazil 1989');
-- INSERT INTO YEAR_AND_POPULATION (YEAR_OF_MEASUREMENT, population, ANNUAL_GROWTH, country_name) VALUES ('1989', '123000000', 'NULL', 'Japan 1989');
-- INSERT INTO YEAR_AND_POPULATION (YEAR_OF_MEASUREMENT, population, ANNUAL_GROWTH, country_name) VALUES ('1989', '112800000', 'NULL', 'Bangladesh 1989');
-- INSERT INTO YEAR_AND_POPULATION (YEAR_OF_MEASUREMENT, population, ANNUAL_GROWTH, country_name) VALUES ('1989', '107000000', 'NULL', 'Pakistan 1989');
-- INSERT INTO YEAR_AND_POPULATION (YEAR_OF_MEASUREMENT, population, ANNUAL_GROWTH, country_name) VALUES ('1989', '92800000', 'NULL', 'Nigeria 1989');
-- INSERT INTO YEAR_AND_POPULATION (YEAR_OF_MEASUREMENT, population, ANNUAL_GROWTH, country_name) VALUES ('1989', '84900000', 'NULL', 'Mexico 1989');
-- INSERT INTO YEAR_AND_POPULATION (YEAR_OF_MEASUREMENT, population, ANNUAL_GROWTH, country_name) VALUES ('1989', '64400000', 'NULL', 'Vietnam 1989');
-- INSERT INTO YEAR_AND_POPULATION (YEAR_OF_MEASUREMENT, population, ANNUAL_GROWTH, country_name) VALUES ('1989', '62800000', 'NULL', 'United Kingdom 1989');
-- INSERT INTO YEAR_AND_POPULATION (YEAR_OF_MEASUREMENT, population, ANNUAL_GROWTH, country_name) VALUES ('1989', '62000000', 'NULL', 'West Germany 1989');
-- INSERT INTO YEAR_AND_POPULATION (YEAR_OF_MEASUREMENT, population, ANNUAL_GROWTH, country_name) VALUES ('1989', '59200000', 'NULL', 'Philippines 1989');
-- INSERT INTO YEAR_AND_POPULATION (YEAR_OF_MEASUREMENT, population, ANNUAL_GROWTH, country_name) VALUES ('1989', '57500000', 'NULL', 'Italy 1989');
-- INSERT INTO YEAR_AND_POPULATION (YEAR_OF_MEASUREMENT, population, ANNUAL_GROWTH, country_name) VALUES ('1989', '56000000', 'NULL', 'France 1989');
-- INSERT INTO YEAR_AND_POPULATION (YEAR_OF_MEASUREMENT, population, ANNUAL_GROWTH, country_name) VALUES ('1989', '55400000', 'NULL', 'Turkey 1989');
-- INSERT INTO YEAR_AND_POPULATION (YEAR_OF_MEASUREMENT, population, ANNUAL_GROWTH, country_name) VALUES ('1989', '55000000', 'NULL', 'Egypt 1989');
-- INSERT INTO YEAR_AND_POPULATION (YEAR_OF_MEASUREMENT, population, ANNUAL_GROWTH, country_name) VALUES ('1989', '55000000', 'NULL', 'Thailand 1989');
-- INSERT INTO YEAR_AND_POPULATION (YEAR_OF_MEASUREMENT, population, ANNUAL_GROWTH, country_name) VALUES ('1989', '55000000', 'NULL', 'Iran 1989');
-- INSERT INTO YEAR_AND_POPULATION (YEAR_OF_MEASUREMENT, population, ANNUAL_GROWTH, country_name) VALUES ('1989', '47700000', 'NULL', 'Ethiopia 1989');
-- INSERT INTO YEAR_AND_POPULATION (YEAR_OF_MEASUREMENT, population, ANNUAL_GROWTH, country_name) VALUES ('1989', '42400000', 'NULL', 'South Korea 1989');
-- INSERT INTO YEAR_AND_POPULATION (YEAR_OF_MEASUREMENT, population, ANNUAL_GROWTH, country_name) VALUES ('1989', '39900000', 'NULL', 'Myanmar 1989');
-- INSERT INTO YEAR_AND_POPULATION (YEAR_OF_MEASUREMENT, population, ANNUAL_GROWTH, country_name) VALUES ('1989', '39200000', 'NULL', 'Spain 1989');
-- INSERT INTO YEAR_AND_POPULATION (YEAR_OF_MEASUREMENT, population, ANNUAL_GROWTH, country_name) VALUES ('1989', '37900000', 'NULL', 'Poland 1989');
-- INSERT INTO YEAR_AND_POPULATION (YEAR_OF_MEASUREMENT, population, ANNUAL_GROWTH, country_name) VALUES ('1989', '37360000', 'NULL', 'South Africa 1989');
-- INSERT INTO YEAR_AND_POPULATION (YEAR_OF_MEASUREMENT, population, ANNUAL_GROWTH, country_name) VALUES ('1989', '34000000', 'NULL', 'Zaire 1989');
-- INSERT INTO YEAR_AND_POPULATION (YEAR_OF_MEASUREMENT, population, ANNUAL_GROWTH, country_name) VALUES ('1989', '32400000', 'NULL', 'Argentina 1989');
-- INSERT INTO YEAR_AND_POPULATION (YEAR_OF_MEASUREMENT, population, ANNUAL_GROWTH, country_name) VALUES ('1989', '32300000', 'NULL', 'Colombia 1989');
-- INSERT INTO YEAR_AND_POPULATION (YEAR_OF_MEASUREMENT, population, ANNUAL_GROWTH, country_name) VALUES ('1989', '26200000', 'NULL', 'Canada 1989');
-- INSERT INTO YEAR_AND_POPULATION (YEAR_OF_MEASUREMENT, population, ANNUAL_GROWTH, country_name) VALUES ('1989', '25400000', 'NULL', 'Morocco 1989');
-- INSERT INTO YEAR_AND_POPULATION (YEAR_OF_MEASUREMENT, population, ANNUAL_GROWTH, country_name) VALUES ('1989', '25000000', 'NULL', 'Sudan 1989');
-- INSERT INTO YEAR_AND_POPULATION (YEAR_OF_MEASUREMENT, population, ANNUAL_GROWTH, country_name) VALUES ('1989', '24700000', 'NULL', 'Tanzania 1989');
-- INSERT INTO YEAR_AND_POPULATION (YEAR_OF_MEASUREMENT, population, ANNUAL_GROWTH, country_name) VALUES ('1989', '24700000', 'NULL', 'Algeria 1989');
-- INSERT INTO YEAR_AND_POPULATION (YEAR_OF_MEASUREMENT, population, ANNUAL_GROWTH, country_name) VALUES ('1989', '23800000', 'NULL', 'Yugoslavia 1989');
-- INSERT INTO YEAR_AND_POPULATION (YEAR_OF_MEASUREMENT, population, ANNUAL_GROWTH, country_name) VALUES ('1989', '23700000', 'NULL', 'Kenya 1989');
-- INSERT INTO YEAR_AND_POPULATION (YEAR_OF_MEASUREMENT, population, ANNUAL_GROWTH, country_name) VALUES ('1989', '23200000', 'NULL', 'Romania 1989');
-- INSERT INTO YEAR_AND_POPULATION (YEAR_OF_MEASUREMENT, population, ANNUAL_GROWTH, country_name) VALUES ('1989', '22000000', 'NULL', 'North Korea 1989');
-- INSERT INTO YEAR_AND_POPULATION (YEAR_OF_MEASUREMENT, population, ANNUAL_GROWTH, country_name) VALUES ('1989', '21800000', 'NULL', 'Peru 1989');
-- INSERT INTO YEAR_AND_POPULATION (YEAR_OF_MEASUREMENT, population, ANNUAL_GROWTH, country_name) VALUES ('1989', '20100000', 'NULL', 'Taiwan 1989');
-- INSERT INTO YEAR_AND_POPULATION (YEAR_OF_MEASUREMENT, population, ANNUAL_GROWTH, country_name) VALUES ('1989', '19400000', 'NULL', 'Venezuela 1989');
-- INSERT INTO YEAR_AND_POPULATION (YEAR_OF_MEASUREMENT, population, ANNUAL_GROWTH, country_name) VALUES ('1989', '18800000', 'NULL', 'Nepal 1989');
-- INSERT INTO YEAR_AND_POPULATION (YEAR_OF_MEASUREMENT, population, ANNUAL_GROWTH, country_name) VALUES ('1989', '17600000', 'NULL', 'Iraq 1989');
-- INSERT INTO YEAR_AND_POPULATION (YEAR_OF_MEASUREMENT, population, ANNUAL_GROWTH, country_name) VALUES ('1989', '17500000', 'NULL', 'Sri Lanka 1989');
-- INSERT INTO YEAR_AND_POPULATION (YEAR_OF_MEASUREMENT, population, ANNUAL_GROWTH, country_name) VALUES ('1989', '17400000', 'NULL', 'Malaysia 1989');
-- INSERT INTO YEAR_AND_POPULATION (YEAR_OF_MEASUREMENT, population, ANNUAL_GROWTH, country_name) VALUES ('1989', '16800000', 'NULL', 'Uganda 1989');
-- INSERT INTO YEAR_AND_POPULATION (YEAR_OF_MEASUREMENT, population, ANNUAL_GROWTH, country_name) VALUES ('1989', '16800000', 'NULL', 'Australia 1989');
-- INSERT INTO YEAR_AND_POPULATION (YEAR_OF_MEASUREMENT, population, ANNUAL_GROWTH, country_name) VALUES ('1989', '16400000', 'NULL', 'East Germany 1989');
-- INSERT INTO YEAR_AND_POPULATION (YEAR_OF_MEASUREMENT, population, ANNUAL_GROWTH, country_name) VALUES ('1989', '15700000', 'NULL', 'Czechoslovakia 1989');
-- INSERT INTO YEAR_AND_POPULATION (YEAR_OF_MEASUREMENT, population, ANNUAL_GROWTH, country_name) VALUES ('1989', '15500000', 'NULL', 'Afghanistan 1989');
-- INSERT INTO YEAR_AND_POPULATION (YEAR_OF_MEASUREMENT, population, ANNUAL_GROWTH, country_name) VALUES ('1989', '15300000', 'NULL', 'Mozambique 1989');
-- INSERT INTO YEAR_AND_POPULATION (YEAR_OF_MEASUREMENT, population, ANNUAL_GROWTH, country_name) VALUES ('1989', '14900000', 'NULL', 'Netherlands 1989');
-- INSERT INTO YEAR_AND_POPULATION (YEAR_OF_MEASUREMENT, population, ANNUAL_GROWTH, country_name) VALUES ('1989', '14100000', 'NULL', 'Ghana 1989');
-- INSERT INTO YEAR_AND_POPULATION (YEAR_OF_MEASUREMENT, population, ANNUAL_GROWTH, country_name) VALUES ('1989', '12700000', 'NULL', 'Saudi Arabia 1989');
-- INSERT INTO YEAR_AND_POPULATION (YEAR_OF_MEASUREMENT, population, ANNUAL_GROWTH, country_name) VALUES ('1989', '12700000', 'NULL', 'Chile 1989');
-- INSERT INTO YEAR_AND_POPULATION (YEAR_OF_MEASUREMENT, population, ANNUAL_GROWTH, country_name) VALUES ('1989', '12200000', 'NULL', 'Syria 1989');
-- INSERT INTO YEAR_AND_POPULATION (YEAR_OF_MEASUREMENT, population, ANNUAL_GROWTH, country_name) VALUES ('1989', '11800000', 'NULL', 'Ivory Coast 1989');
-- INSERT INTO YEAR_AND_POPULATION (YEAR_OF_MEASUREMENT, population, ANNUAL_GROWTH, country_name) VALUES ('1989', '11100000', 'NULL', 'Madagascar 1989');
-- INSERT INTO YEAR_AND_POPULATION (YEAR_OF_MEASUREMENT, population, ANNUAL_GROWTH, country_name) VALUES ('1989', '10900000', 'NULL', 'Cameroon 1989');
-- INSERT INTO YEAR_AND_POPULATION (YEAR_OF_MEASUREMENT, population, ANNUAL_GROWTH, country_name) VALUES ('1989', '10600000', 'NULL', 'Hungary 1989');
-- INSERT INTO YEAR_AND_POPULATION (YEAR_OF_MEASUREMENT, population, ANNUAL_GROWTH, country_name) VALUES ('1989', '10600000', 'NULL', 'Cuba 1989');
-- INSERT INTO YEAR_AND_POPULATION (YEAR_OF_MEASUREMENT, population, ANNUAL_GROWTH, country_name) VALUES ('1989', '10500000', 'NULL', 'Ecuador 1989');
-- INSERT INTO YEAR_AND_POPULATION (YEAR_OF_MEASUREMENT, population, ANNUAL_GROWTH, country_name) VALUES ('1989', '10300000', 'NULL', 'Portugal 1989');
-- INSERT INTO YEAR_AND_POPULATION (YEAR_OF_MEASUREMENT, population, ANNUAL_GROWTH, country_name) VALUES ('1989', '10000000', 'NULL', 'Greece 1989');
-- INSERT INTO YEAR_AND_POPULATION (YEAR_OF_MEASUREMENT, population, ANNUAL_GROWTH, country_name) VALUES ('1989', '9900000', 'NULL', 'Belgium 1989');
-- INSERT INTO YEAR_AND_POPULATION (YEAR_OF_MEASUREMENT, population, ANNUAL_GROWTH, country_name) VALUES ('1989', '9100000', 'NULL', 'Zimbabwe 1989');
-- INSERT INTO YEAR_AND_POPULATION (YEAR_OF_MEASUREMENT, population, ANNUAL_GROWTH, country_name) VALUES ('1989', '9000000', 'NULL', 'Bulgaria 1989');
-- INSERT INTO YEAR_AND_POPULATION (YEAR_OF_MEASUREMENT, population, ANNUAL_GROWTH, country_name) VALUES ('1989', '9000000', 'NULL', 'Angola 1989');
-- INSERT INTO YEAR_AND_POPULATION (YEAR_OF_MEASUREMENT, population, ANNUAL_GROWTH, country_name) VALUES ('1989', '8900000', 'NULL', 'Guatemala 1989');
-- INSERT INTO YEAR_AND_POPULATION (YEAR_OF_MEASUREMENT, population, ANNUAL_GROWTH, country_name) VALUES ('1989', '8600000', 'NULL', 'Somalia 1989');
-- INSERT INTO YEAR_AND_POPULATION (YEAR_OF_MEASUREMENT, population, ANNUAL_GROWTH, country_name) VALUES ('1989', '8500000', 'NULL', 'Sweden 1989');
-- INSERT INTO YEAR_AND_POPULATION (YEAR_OF_MEASUREMENT, population, ANNUAL_GROWTH, country_name) VALUES ('1989', '8500000', 'NULL', 'North Yemen 1989');
-- INSERT INTO YEAR_AND_POPULATION (YEAR_OF_MEASUREMENT, population, ANNUAL_GROWTH, country_name) VALUES ('1989', '8500000', 'NULL', 'Mali 1989');
-- INSERT INTO YEAR_AND_POPULATION (YEAR_OF_MEASUREMENT, population, ANNUAL_GROWTH, country_name) VALUES ('1989', '8100000', 'NULL', 'Malawi 1989');
-- INSERT INTO YEAR_AND_POPULATION (YEAR_OF_MEASUREMENT, population, ANNUAL_GROWTH, country_name) VALUES ('1989', '8000000', 'NULL', 'Tunisia 1989');
-- INSERT INTO YEAR_AND_POPULATION (YEAR_OF_MEASUREMENT, population, ANNUAL_GROWTH, country_name) VALUES ('1989', '7900000', 'NULL', 'Cambodia 1989');
-- INSERT INTO YEAR_AND_POPULATION (YEAR_OF_MEASUREMENT, population, ANNUAL_GROWTH, country_name) VALUES ('1989', '7800000', 'NULL', 'Zambia 1989');
-- INSERT INTO YEAR_AND_POPULATION (YEAR_OF_MEASUREMENT, population, ANNUAL_GROWTH, country_name) VALUES ('1989', '7700000', 'NULL', 'Senegal 1989');
-- INSERT INTO YEAR_AND_POPULATION (YEAR_OF_MEASUREMENT, population, ANNUAL_GROWTH, country_name) VALUES ('1989', '7700000', 'NULL', 'Burkina Faso 1989');
-- INSERT INTO YEAR_AND_POPULATION (YEAR_OF_MEASUREMENT, population, ANNUAL_GROWTH, country_name) VALUES ('1989', '7600000', 'NULL', 'Austria 1989');
-- INSERT INTO YEAR_AND_POPULATION (YEAR_OF_MEASUREMENT, population, ANNUAL_GROWTH, country_name) VALUES ('1989', '7400000', 'NULL', 'Niger 1989');
-- INSERT INTO YEAR_AND_POPULATION (YEAR_OF_MEASUREMENT, population, ANNUAL_GROWTH, country_name) VALUES ('1989', '7300000', 'NULL', 'Rwanda 1989');
-- INSERT INTO YEAR_AND_POPULATION (YEAR_OF_MEASUREMENT, population, ANNUAL_GROWTH, country_name) VALUES ('1989', '7300000', 'NULL', 'Dominican Republic 1989');
-- INSERT INTO YEAR_AND_POPULATION (YEAR_OF_MEASUREMENT, population, ANNUAL_GROWTH, country_name) VALUES ('1989', '7000000', 'NULL', 'Bolivia 1989');
-- INSERT INTO YEAR_AND_POPULATION (YEAR_OF_MEASUREMENT, population, ANNUAL_GROWTH, country_name) VALUES ('1989', '6700000', 'NULL', 'Switzerland 1989');
-- INSERT INTO YEAR_AND_POPULATION (YEAR_OF_MEASUREMENT, population, ANNUAL_GROWTH, country_name) VALUES ('1989', '6200000', 'NULL', 'Haiti 1989');
-- INSERT INTO YEAR_AND_POPULATION (YEAR_OF_MEASUREMENT, population, ANNUAL_GROWTH, country_name) VALUES ('1989', '6100000', 'NULL', 'Guinea 1989');
-- INSERT INTO YEAR_AND_POPULATION (YEAR_OF_MEASUREMENT, population, ANNUAL_GROWTH, country_name) VALUES ('1989', '5700000', 'NULL', 'Chad 1989');
-- INSERT INTO YEAR_AND_POPULATION (YEAR_OF_MEASUREMENT, population, ANNUAL_GROWTH, country_name) VALUES ('1989', '5500000', 'NULL', 'El Salvador 1989');
-- INSERT INTO YEAR_AND_POPULATION (YEAR_OF_MEASUREMENT, population, ANNUAL_GROWTH, country_name) VALUES ('1989', '5200000', 'NULL', 'Burundi 1989');
-- INSERT INTO YEAR_AND_POPULATION (YEAR_OF_MEASUREMENT, population, ANNUAL_GROWTH, country_name) VALUES ('1989', '5100000', 'NULL', 'Honduras 1989');
-- INSERT INTO YEAR_AND_POPULATION (YEAR_OF_MEASUREMENT, population, ANNUAL_GROWTH, country_name) VALUES ('1989', '5100000', 'NULL', 'Denmark 1989');
-- INSERT INTO YEAR_AND_POPULATION (YEAR_OF_MEASUREMENT, population, ANNUAL_GROWTH, country_name) VALUES ('1989', '4970000', 'NULL', 'Finland 1989');
-- INSERT INTO YEAR_AND_POPULATION (YEAR_OF_MEASUREMENT, population, ANNUAL_GROWTH, country_name) VALUES ('1989', '4600000', 'NULL', 'People''s' || ' Republic of the Benin 1989');
-- INSERT INTO YEAR_AND_POPULATION (YEAR_OF_MEASUREMENT, population, ANNUAL_GROWTH, country_name) VALUES ('1989', '4300000', 'NULL', 'Sierra Leone 1989');
-- INSERT INTO YEAR_AND_POPULATION (YEAR_OF_MEASUREMENT, population, ANNUAL_GROWTH, country_name) VALUES ('1989', '4300000', 'NULL', 'Libya 1989');
-- INSERT INTO YEAR_AND_POPULATION (YEAR_OF_MEASUREMENT, population, ANNUAL_GROWTH, country_name) VALUES ('1989', '4200000', 'NULL', 'Norway 1989');
-- INSERT INTO YEAR_AND_POPULATION (YEAR_OF_MEASUREMENT, population, ANNUAL_GROWTH, country_name) VALUES ('1989', '4000000', 'NULL', 'Paraguay 1989');
-- INSERT INTO YEAR_AND_POPULATION (YEAR_OF_MEASUREMENT, population, ANNUAL_GROWTH, country_name) VALUES ('1989', '3900000', 'NULL', 'Laos 1989');
-- INSERT INTO YEAR_AND_POPULATION (YEAR_OF_MEASUREMENT, population, ANNUAL_GROWTH, country_name) VALUES ('1989', '3900000', 'NULL', 'Jordan 1989');
-- INSERT INTO YEAR_AND_POPULATION (YEAR_OF_MEASUREMENT, population, ANNUAL_GROWTH, country_name) VALUES ('1989', '3700000', 'NULL', 'Nicaragua 1989');
-- INSERT INTO YEAR_AND_POPULATION (YEAR_OF_MEASUREMENT, population, ANNUAL_GROWTH, country_name) VALUES ('1989', '3700000', 'NULL', 'Ireland 1989');
-- INSERT INTO YEAR_AND_POPULATION (YEAR_OF_MEASUREMENT, population, ANNUAL_GROWTH, country_name) VALUES ('1989', '3600000', 'NULL', 'Papua New Guinea 1989');
-- INSERT INTO YEAR_AND_POPULATION (YEAR_OF_MEASUREMENT, population, ANNUAL_GROWTH, country_name) VALUES ('1989', '3400000', 'NULL', 'New Zealand 1989');
-- INSERT INTO YEAR_AND_POPULATION (YEAR_OF_MEASUREMENT, population, ANNUAL_GROWTH, country_name) VALUES ('1989', '3200000', 'NULL', 'Togo 1989');
-- INSERT INTO YEAR_AND_POPULATION (YEAR_OF_MEASUREMENT, population, ANNUAL_GROWTH, country_name) VALUES ('1989', '3200000', 'NULL', 'Albania 1989');
-- INSERT INTO YEAR_AND_POPULATION (YEAR_OF_MEASUREMENT, population, ANNUAL_GROWTH, country_name) VALUES ('1989', '3000000', 'NULL', 'Central African Republic 1989');
-- INSERT INTO YEAR_AND_POPULATION (YEAR_OF_MEASUREMENT, population, ANNUAL_GROWTH, country_name) VALUES ('1989', '3000000', 'NULL', 'Uruguay 1989');
-- INSERT INTO YEAR_AND_POPULATION (YEAR_OF_MEASUREMENT, population, ANNUAL_GROWTH, country_name) VALUES ('1989', '2900000', 'NULL', 'Lebanon 1989');
-- INSERT INTO YEAR_AND_POPULATION (YEAR_OF_MEASUREMENT, population, ANNUAL_GROWTH, country_name) VALUES ('1989', '2900000', 'NULL', 'Costa Rica 1989');
-- INSERT INTO YEAR_AND_POPULATION (YEAR_OF_MEASUREMENT, population, ANNUAL_GROWTH, country_name) VALUES ('1989', '2650000', 'NULL', 'Singapore 1989');
-- INSERT INTO YEAR_AND_POPULATION (YEAR_OF_MEASUREMENT, population, ANNUAL_GROWTH, country_name) VALUES ('1989', '2500000', 'NULL', 'Liberia 1989');
-- INSERT INTO YEAR_AND_POPULATION (YEAR_OF_MEASUREMENT, population, ANNUAL_GROWTH, country_name) VALUES ('1989', '2500000', 'NULL', 'Israel 1989');
-- INSERT INTO YEAR_AND_POPULATION (YEAR_OF_MEASUREMENT, population, ANNUAL_GROWTH, country_name) VALUES ('1989', '2500000', 'NULL', 'South Yemen 1989');
-- INSERT INTO YEAR_AND_POPULATION (YEAR_OF_MEASUREMENT, population, ANNUAL_GROWTH, country_name) VALUES ('1989', '2400000', 'NULL', 'Jamaica 1989');
-- INSERT INTO YEAR_AND_POPULATION (YEAR_OF_MEASUREMENT, population, ANNUAL_GROWTH, country_name) VALUES ('1989', '2300000', 'NULL', 'Panama 1989');
-- INSERT INTO YEAR_AND_POPULATION (YEAR_OF_MEASUREMENT, population, ANNUAL_GROWTH, country_name) VALUES ('1989', '2100000', 'NULL', 'Mongolia 1989');
-- INSERT INTO YEAR_AND_POPULATION (YEAR_OF_MEASUREMENT, population, ANNUAL_GROWTH, country_name) VALUES ('1989', '2000000', 'NULL', 'Palestine 1989');
-- INSERT INTO YEAR_AND_POPULATION (YEAR_OF_MEASUREMENT, population, ANNUAL_GROWTH, country_name) VALUES ('1989', '2000000', 'NULL', 'People''s' || ' Republic of the Congo 1989');
-- INSERT INTO YEAR_AND_POPULATION (YEAR_OF_MEASUREMENT, population, ANNUAL_GROWTH, country_name) VALUES ('1989', '1970000', 'NULL', 'Kuwait 1989');
-- INSERT INTO YEAR_AND_POPULATION (YEAR_OF_MEASUREMENT, population, ANNUAL_GROWTH, country_name) VALUES ('1989', '1800000', 'NULL', 'Mauritania 1989');
-- INSERT INTO YEAR_AND_POPULATION (YEAR_OF_MEASUREMENT, population, ANNUAL_GROWTH, country_name) VALUES ('1989', '1700000', 'NULL', 'Lesotho 1989');
-- INSERT INTO YEAR_AND_POPULATION (YEAR_OF_MEASUREMENT, population, ANNUAL_GROWTH, country_name) VALUES ('1989', '1500000', 'NULL', 'United Arab Emirates 1989');
-- INSERT INTO YEAR_AND_POPULATION (YEAR_OF_MEASUREMENT, population, ANNUAL_GROWTH, country_name) VALUES ('1989', '1500000', 'NULL', 'Bhutan 1989');
-- INSERT INTO YEAR_AND_POPULATION (YEAR_OF_MEASUREMENT, population, ANNUAL_GROWTH, country_name) VALUES ('1989', '1400000', 'NULL', 'Oman 1989');
-- INSERT INTO YEAR_AND_POPULATION (YEAR_OF_MEASUREMENT, population, ANNUAL_GROWTH, country_name) VALUES ('1989', '1300000', 'NULL', 'Trinidad and Tobago 1989');
-- INSERT INTO YEAR_AND_POPULATION (YEAR_OF_MEASUREMENT, population, ANNUAL_GROWTH, country_name) VALUES ('1989', '1200000', 'NULL', 'Botswana 1989');
-- INSERT INTO YEAR_AND_POPULATION (YEAR_OF_MEASUREMENT, population, ANNUAL_GROWTH, country_name) VALUES ('1989', '1100000', 'NULL', 'Gabon 1989');
-- INSERT INTO YEAR_AND_POPULATION (YEAR_OF_MEASUREMENT, population, ANNUAL_GROWTH, country_name) VALUES ('1989', '1050000', 'NULL', 'Mauritius 1989');
-- INSERT INTO YEAR_AND_POPULATION (YEAR_OF_MEASUREMENT, population, ANNUAL_GROWTH, country_name) VALUES ('1989', '929000', 'NULL', 'Guinea-Bissau 1989');
-- INSERT INTO YEAR_AND_POPULATION (YEAR_OF_MEASUREMENT, population, ANNUAL_GROWTH, country_name) VALUES ('1989', '840000', 'NULL', 'Gambia 1989');
-- INSERT INTO YEAR_AND_POPULATION (YEAR_OF_MEASUREMENT, population, ANNUAL_GROWTH, country_name) VALUES ('1989', '758000', 'NULL', 'Fiji 1989');
-- INSERT INTO YEAR_AND_POPULATION (YEAR_OF_MEASUREMENT, population, ANNUAL_GROWTH, country_name) VALUES ('1989', '757000', 'NULL', 'Swaziland 1989');
-- INSERT INTO YEAR_AND_POPULATION (YEAR_OF_MEASUREMENT, population, ANNUAL_GROWTH, country_name) VALUES ('1989', '730000', 'NULL', 'Guyana 1989');
-- INSERT INTO YEAR_AND_POPULATION (YEAR_OF_MEASUREMENT, population, ANNUAL_GROWTH, country_name) VALUES ('1989', '696000', 'NULL', 'Cyprus 1989');
-- INSERT INTO YEAR_AND_POPULATION (YEAR_OF_MEASUREMENT, population, ANNUAL_GROWTH, country_name) VALUES ('1989', '483000', 'NULL', 'Bahrain 1989');
-- INSERT INTO YEAR_AND_POPULATION (YEAR_OF_MEASUREMENT, population, ANNUAL_GROWTH, country_name) VALUES ('1989', '460000', 'NULL', 'Comoros 1989');
-- INSERT INTO YEAR_AND_POPULATION (YEAR_OF_MEASUREMENT, population, ANNUAL_GROWTH, country_name) VALUES ('1989', '400000', 'NULL', 'Suriname 1989');
-- INSERT INTO YEAR_AND_POPULATION (YEAR_OF_MEASUREMENT, population, ANNUAL_GROWTH, country_name) VALUES ('1989', '389000', 'NULL', 'Equatorial Guinea 1989');
-- INSERT INTO YEAR_AND_POPULATION (YEAR_OF_MEASUREMENT, population, ANNUAL_GROWTH, country_name) VALUES ('1989', '383000', 'NULL', 'Djibouti 1989');
-- INSERT INTO YEAR_AND_POPULATION (YEAR_OF_MEASUREMENT, population, ANNUAL_GROWTH, country_name) VALUES ('1989', '377000', 'NULL', 'Luxembourg 1989');
-- INSERT INTO YEAR_AND_POPULATION (YEAR_OF_MEASUREMENT, population, ANNUAL_GROWTH, country_name) VALUES ('1989', '358000', 'NULL', 'Malta 1989');
-- INSERT INTO YEAR_AND_POPULATION (YEAR_OF_MEASUREMENT, population, ANNUAL_GROWTH, country_name) VALUES ('1989', '342000', 'NULL', 'Qatar 1989');
-- INSERT INTO YEAR_AND_POPULATION (YEAR_OF_MEASUREMENT, population, ANNUAL_GROWTH, country_name) VALUES ('1989', '337000', 'NULL', 'Cape Verde 1989');
-- INSERT INTO YEAR_AND_POPULATION (YEAR_OF_MEASUREMENT, population, ANNUAL_GROWTH, country_name) VALUES ('1989', '314000', 'NULL', 'Solomon Islands 1989');
-- INSERT INTO YEAR_AND_POPULATION (YEAR_OF_MEASUREMENT, population, ANNUAL_GROWTH, country_name) VALUES ('1989', '267000', 'NULL', 'Brunei 1989');
-- INSERT INTO YEAR_AND_POPULATION (YEAR_OF_MEASUREMENT, population, ANNUAL_GROWTH, country_name) VALUES ('1989', '256000', 'NULL', 'Barbados 1989');
-- INSERT INTO YEAR_AND_POPULATION (YEAR_OF_MEASUREMENT, population, ANNUAL_GROWTH, country_name) VALUES ('1989', '251000', 'NULL', 'Iceland 1989');
-- INSERT INTO YEAR_AND_POPULATION (YEAR_OF_MEASUREMENT, population, ANNUAL_GROWTH, country_name) VALUES ('1989', '247000', 'NULL', 'Bahamas 1989');
-- INSERT INTO YEAR_AND_POPULATION (YEAR_OF_MEASUREMENT, population, ANNUAL_GROWTH, country_name) VALUES ('1989', '202000', 'NULL', 'Maldives 1989');
-- INSERT INTO YEAR_AND_POPULATION (YEAR_OF_MEASUREMENT, population, ANNUAL_GROWTH, country_name) VALUES ('1989', '180000', 'NULL', 'Belize 1989');
-- INSERT INTO YEAR_AND_POPULATION (YEAR_OF_MEASUREMENT, population, ANNUAL_GROWTH, country_name) VALUES ('1989', '169000', 'NULL', 'Samoa 1989');
-- INSERT INTO YEAR_AND_POPULATION (YEAR_OF_MEASUREMENT, population, ANNUAL_GROWTH, country_name) VALUES ('1989', '150000', 'NULL', 'Vanuatu 1989');
-- INSERT INTO YEAR_AND_POPULATION (YEAR_OF_MEASUREMENT, population, ANNUAL_GROWTH, country_name) VALUES ('1989', '128000', 'NULL', 'Saint Lucia 1989');
-- INSERT INTO YEAR_AND_POPULATION (YEAR_OF_MEASUREMENT, population, ANNUAL_GROWTH, country_name) VALUES ('1989', '114000', 'NULL', 'So Tom and Prncipe 1989');
-- INSERT INTO YEAR_AND_POPULATION (YEAR_OF_MEASUREMENT, population, ANNUAL_GROWTH, country_name) VALUES ('1989', '108000', 'NULL', 'Tonga 1989');
-- INSERT INTO YEAR_AND_POPULATION (YEAR_OF_MEASUREMENT, population, ANNUAL_GROWTH, country_name) VALUES ('1989', '108000', 'NULL', 'Saint Vincent and the Grenadines 1989');
-- INSERT INTO YEAR_AND_POPULATION (YEAR_OF_MEASUREMENT, population, ANNUAL_GROWTH, country_name) VALUES ('1989', '100000', 'NULL', 'Grenada 1989');
-- INSERT INTO YEAR_AND_POPULATION (YEAR_OF_MEASUREMENT, population, ANNUAL_GROWTH, country_name) VALUES ('1989', '86000', 'NULL', 'Antigua and Barbuda 1989');
-- INSERT INTO YEAR_AND_POPULATION (YEAR_OF_MEASUREMENT, population, ANNUAL_GROWTH, country_name) VALUES ('1989', '76000', 'NULL', 'Dominica 1989');
-- INSERT INTO YEAR_AND_POPULATION (YEAR_OF_MEASUREMENT, population, ANNUAL_GROWTH, country_name) VALUES ('1989', '70000', 'NULL', 'Seychelles 1989');
-- INSERT INTO YEAR_AND_POPULATION (YEAR_OF_MEASUREMENT, population, ANNUAL_GROWTH, country_name) VALUES ('1989', '67000', 'NULL', 'Kiribati 1989');
-- INSERT INTO YEAR_AND_POPULATION (YEAR_OF_MEASUREMENT, population, ANNUAL_GROWTH, country_name) VALUES ('1989', '49000', 'NULL', 'Andorra 1989');
-- INSERT INTO YEAR_AND_POPULATION (YEAR_OF_MEASUREMENT, population, ANNUAL_GROWTH, country_name) VALUES ('1989', '40000', 'NULL', 'Saint Kitts and Nevis 1989');
-- INSERT INTO YEAR_AND_POPULATION (YEAR_OF_MEASUREMENT, population, ANNUAL_GROWTH, country_name) VALUES ('1989', '30000', 'NULL', 'Liechtenstein 1989');
-- INSERT INTO YEAR_AND_POPULATION (YEAR_OF_MEASUREMENT, population, ANNUAL_GROWTH, country_name) VALUES ('1989', '29000', 'NULL', 'Monaco 1989');
-- INSERT INTO YEAR_AND_POPULATION (YEAR_OF_MEASUREMENT, population, ANNUAL_GROWTH, country_name) VALUES ('1989', '23000', 'NULL', 'San Marino 1989');
-- INSERT INTO YEAR_AND_POPULATION (YEAR_OF_MEASUREMENT, population, ANNUAL_GROWTH, country_name) VALUES ('1989', '9000', 'NULL', 'Tuvalu 1989');
-- INSERT INTO YEAR_AND_POPULATION (YEAR_OF_MEASUREMENT, population, ANNUAL_GROWTH, country_name) VALUES ('1989', '8100', 'NULL', 'Nauru 1989');
-- INSERT INTO YEAR_AND_POPULATION (YEAR_OF_MEASUREMENT, population, ANNUAL_GROWTH, country_name) VALUES ('1989', '1000', 'NULL', 'Vatican City 1989');
--
--
-- INSERT INTO DRIVER (NAME, SCORE, IMAGE_URL) VALUES ('Hamilton Lewis', 4803.5, '/image/f1/Hamilton_Lewis.png');
-- INSERT INTO DRIVER (NAME, SCORE, IMAGE_URL) VALUES ('Vettel Sebastian', 3098.0, '/image/f1/Vettel_Sebastian.png');
-- INSERT INTO DRIVER (NAME, SCORE, IMAGE_URL) VALUES ('Verstappen Max', 2889.5, '/image/f1/Verstappen_Max.png');
-- INSERT INTO DRIVER (NAME, SCORE, IMAGE_URL) VALUES ('Alonso Fernando', 2317.0, '/image/f1/Alonso_Fernando.png');
-- INSERT INTO DRIVER (NAME, SCORE, IMAGE_URL) VALUES ('Raikkonen Kimi', 1873.0, '/image/f1/Raikkonen_Kimi.png');
-- INSERT INTO DRIVER (NAME, SCORE, IMAGE_URL) VALUES ('Bottas Valtteri', 1797.0, '/image/f1/Bottas_Valtteri.png');
-- INSERT INTO DRIVER (NAME, SCORE, IMAGE_URL) VALUES ('Perez Sergio', 1629.0, '/image/f1/Perez_Sergio.png');
-- INSERT INTO DRIVER (NAME, SCORE, IMAGE_URL) VALUES ('Rosberg Nico', 1594.5, '/image/f1/Rosberg_Nico.png');
-- INSERT INTO DRIVER (NAME, SCORE, IMAGE_URL) VALUES ('Schumacher Michael', 1566.0, '/image/f1/Schumacher_Michael.png');
-- INSERT INTO DRIVER (NAME, SCORE, IMAGE_URL) VALUES ('Ricciardo Daniel', 1329.0, '/image/f1/Ricciardo_Daniel.png');
-- INSERT INTO DRIVER (NAME, SCORE, IMAGE_URL) VALUES ('Leclerc Charles', 1291.0, '/image/f1/Leclerc_Charles.png');
-- INSERT INTO DRIVER (NAME, SCORE, IMAGE_URL) VALUES ('Button Jenson', 1235.0, '/image/f1/Button_Jenson.png');
-- INSERT INTO DRIVER (NAME, SCORE, IMAGE_URL) VALUES ('Massa Felipe', 1167.0, '/image/f1/Massa_Felipe.png');
-- INSERT INTO DRIVER (NAME, SCORE, IMAGE_URL) VALUES ('Sainz Carlos', 1166.5, '/image/f1/Sainz_Carlos.png');
-- INSERT INTO DRIVER (NAME, SCORE, IMAGE_URL) VALUES ('Webber Mark', 1047.5, '/image/f1/Webber_Mark.png');
-- INSERT INTO DRIVER (NAME, SCORE, IMAGE_URL) VALUES ('Norris Lando', 874.0, '/image/f1/Norris_Lando.png');
-- INSERT INTO DRIVER (NAME, SCORE, IMAGE_URL) VALUES ('Prost Alain', 798.5, '/image/f1/Prost_Alain.png');
-- INSERT INTO DRIVER (NAME, SCORE, IMAGE_URL) VALUES ('Barrichello Rubens', 658.0, '/image/f1/Barrichello_Rubens.png');
-- INSERT INTO DRIVER (NAME, SCORE, IMAGE_URL) VALUES ('Senna Ayrton', 614.0, '/image/f1/Senna_Ayrton.png');
-- INSERT INTO DRIVER (NAME, SCORE, IMAGE_URL) VALUES ('Russell George', 597.0, '/image/f1/Russell_George.png');
-- INSERT INTO DRIVER (NAME, SCORE, IMAGE_URL) VALUES ('Hulkenberg Nico', 552.0, '/image/f1/Hulkenberg_Nico.png');
-- INSERT INTO DRIVER (NAME, SCORE, IMAGE_URL) VALUES ('Coulthard David', 535.0, '/image/f1/Coulthard_David.png');
-- INSERT INTO DRIVER (NAME, SCORE, IMAGE_URL) VALUES ('Piquet Nelson', 485.5, '/image/f1/Piquet_Nelson.png');
-- INSERT INTO DRIVER (NAME, SCORE, IMAGE_URL) VALUES ('Mansell Nigel', 482.0, '/image/f1/Mansell_Nigel.png');
-- INSERT INTO DRIVER (NAME, SCORE, IMAGE_URL) VALUES ('Ocon Esteban', 427.0, '/image/f1/Ocon_Esteban.png');
-- INSERT INTO DRIVER (NAME, SCORE, IMAGE_URL) VALUES ('Lauda Niki', 420.5, '/image/f1/Lauda_Niki.png');
-- INSERT INTO DRIVER (NAME, SCORE, IMAGE_URL) VALUES ('Hakkinen Mika', 420.0, '/image/f1/Hakkinen_Mika.png');
-- INSERT INTO DRIVER (NAME, SCORE, IMAGE_URL) VALUES ('Gasly Pierre', 402.0, '/image/f1/Gasly_Pierre.png');
-- INSERT INTO DRIVER (NAME, SCORE, IMAGE_URL) VALUES ('Grosjean Romain', 391.0, '/image/f1/Grosjean_Romain.png');
-- INSERT INTO DRIVER (NAME, SCORE, IMAGE_URL) VALUES ('Berger Gerhard', 385.0, '/image/f1/Berger_Gerhard.png');
-- INSERT INTO DRIVER (NAME, SCORE, IMAGE_URL) VALUES ('Stewart Jackie', 360.0, '/image/f1/Stewart_Jackie.png');
-- INSERT INTO DRIVER (NAME, SCORE, IMAGE_URL) VALUES ('Hill Damon', 360.0, '/image/f1/Hill_Damon.png');
-- INSERT INTO DRIVER (NAME, SCORE, IMAGE_URL) VALUES ('Schumacher Ralf', 329.0, '/image/f1/Schumacher_Ralf.png');
-- INSERT INTO DRIVER (NAME, SCORE, IMAGE_URL) VALUES ('Reutemann Carlos', 310.0, '/image/f1/Reutemann_Carlos.png');
-- INSERT INTO DRIVER (NAME, SCORE, IMAGE_URL) VALUES ('Montoya Juan-Pablo', 307.0, '/image/f1/Montoya_Juan-Pablo.png');
-- INSERT INTO DRIVER (NAME, SCORE, IMAGE_URL) VALUES ('Piastri Oscar', 294.0, '/image/f1/Piastri_Oscar.png');
-- INSERT INTO DRIVER (NAME, SCORE, IMAGE_URL) VALUES ('Stroll Lance', 292.0, '/image/f1/Stroll_Lance.png');
-- INSERT INTO DRIVER (NAME, SCORE, IMAGE_URL) VALUES ('Hill Graham', 289.0, '/image/f1/Hill_Graham.png');
-- INSERT INTO DRIVER (NAME, SCORE, IMAGE_URL) VALUES ('Fittipaldi Emerson', 281.0, '/image/f1/Fittipaldi_Emerson.png');
-- INSERT INTO DRIVER (NAME, SCORE, IMAGE_URL) VALUES ('Patrese Riccardo', 281.0, '/image/f1/Patrese_Riccardo.png');
-- INSERT INTO DRIVER (NAME, SCORE, IMAGE_URL) VALUES ('FANGIO Juan Manuel', 277.6, '/image/f1/FANGIO_Juan_Manuel.png');
-- INSERT INTO DRIVER (NAME, SCORE, IMAGE_URL) VALUES ('Fisichella Giancarlo', 275.0, '/image/f1/Fisichella_Giancarlo.png');
-- INSERT INTO DRIVER (NAME, SCORE, IMAGE_URL) VALUES ('Clark Jim', 274.0, '/image/f1/Clark_Jim.png');
-- INSERT INTO DRIVER (NAME, SCORE, IMAGE_URL) VALUES ('Kubica Robert', 274.0, '/image/f1/Kubica_Robert.png');
-- INSERT INTO DRIVER (NAME, SCORE, IMAGE_URL) VALUES ('Brabham Jack', 261.0, '/image/f1/Brabham_Jack.png');
-- INSERT INTO DRIVER (NAME, SCORE, IMAGE_URL) VALUES ('Heidfeld Nick', 259.0, '/image/f1/Heidfeld_Nick.png');
-- INSERT INTO DRIVER (NAME, SCORE, IMAGE_URL) VALUES ('Scheckter Jody', 255.0, '/image/f1/Scheckter_Jody.png');
-- INSERT INTO DRIVER (NAME, SCORE, IMAGE_URL) VALUES ('Hulme Denny', 248.0, '/image/f1/Hulme_Denny.png');
-- INSERT INTO DRIVER (NAME, SCORE, IMAGE_URL) VALUES ('Trulli Jarno', 246.5, '/image/f1/Trulli_Jarno.png');
-- INSERT INTO DRIVER (NAME, SCORE, IMAGE_URL) VALUES ('Alesi Jean', 241.0, '/image/f1/Alesi_Jean.png');
-- INSERT INTO DRIVER (NAME, SCORE, IMAGE_URL) VALUES ('Villeneuve Jacques', 235.0, '/image/f1/Villeneuve_Jacques.png');
-- INSERT INTO DRIVER (NAME, SCORE, IMAGE_URL) VALUES ('Albon Alexander', 234.0, '/image/f1/Albon_Alexander.png');
-- INSERT INTO DRIVER (NAME, SCORE, IMAGE_URL) VALUES ('Laffite Jacques', 228.0, '/image/f1/Laffite_Jacques.png');
-- INSERT INTO DRIVER (NAME, SCORE, IMAGE_URL) VALUES ('Regazzoni Clay', 212.0, '/image/f1/Regazzoni_Clay.png');
-- INSERT INTO DRIVER (NAME, SCORE, IMAGE_URL) VALUES ('Peterson Ronnie', 206.0, '/image/f1/Peterson_Ronnie.png');
-- INSERT INTO DRIVER (NAME, SCORE, IMAGE_URL) VALUES ('Jones Alan', 206.0, '/image/f1/Jones_Alan.png');
-- INSERT INTO DRIVER (NAME, SCORE, IMAGE_URL) VALUES ('Kvyat Daniil', 202.0, '/image/f1/Kvyat_Daniil.png');
-- INSERT INTO DRIVER (NAME, SCORE, IMAGE_URL) VALUES ('Mclaren Bruce', 196.5, '/image/f1/Mclaren_Bruce.png');
-- INSERT INTO DRIVER (NAME, SCORE, IMAGE_URL) VALUES ('Magnussen Kevin', 192.0, '/image/f1/Magnussen_Kevin.png');
-- INSERT INTO DRIVER (NAME, SCORE, IMAGE_URL) VALUES ('Irvine Eddie', 191.0, '/image/f1/Irvine_Eddie.png');
-- INSERT INTO DRIVER (NAME, SCORE, IMAGE_URL) VALUES ('Moss Stirling', 186.6, '/image/f1/Moss_Stirling.png');
-- INSERT INTO DRIVER (NAME, SCORE, IMAGE_URL) VALUES ('Alboreto Michele', 186.5, '/image/f1/Alboreto_Michele.png');
-- INSERT INTO DRIVER (NAME, SCORE, IMAGE_URL) VALUES ('Ickx Jacky', 181.0, '/image/f1/Ickx_Jacky.png');
-- INSERT INTO DRIVER (NAME, SCORE, IMAGE_URL) VALUES ('Arnoux Ren', 181.0, '/image/f1/Arnoux_Ren.png');
-- INSERT INTO DRIVER (NAME, SCORE, IMAGE_URL) VALUES ('Surtees John', 180.0, '/image/f1/Surtees_John.png');
-- INSERT INTO DRIVER (NAME, SCORE, IMAGE_URL) VALUES ('Andretti Mario', 180.0, '/image/f1/Andretti_Mario.png');
-- INSERT INTO DRIVER (NAME, SCORE, IMAGE_URL) VALUES ('Hunt James', 179.0, '/image/f1/Hunt_James.png');
-- INSERT INTO DRIVER (NAME, SCORE, IMAGE_URL) VALUES ('Frentzen Heinz-Harald', 174.0, '/image/f1/Frentzen_Heinz-Harald.png');
-- INSERT INTO DRIVER (NAME, SCORE, IMAGE_URL) VALUES ('Watson John', 169.0, '/image/f1/Watson_John.png');
-- INSERT INTO DRIVER (NAME, SCORE, IMAGE_URL) VALUES ('Rosberg Keke', 159.5, '/image/f1/Rosberg_Keke.png');
-- INSERT INTO DRIVER (NAME, SCORE, IMAGE_URL) VALUES ('Depailler Patrick', 141.0, '/image/f1/Depailler_Patrick.png');
-- INSERT INTO DRIVER (NAME, SCORE, IMAGE_URL) VALUES ('Ascari Alberto', 140.1, '/image/f1/Ascari_Alberto.png');
-- INSERT INTO DRIVER (NAME, SCORE, IMAGE_URL) VALUES ('Gurney Dan', 133.0, '/image/f1/Gurney_Dan.png');
-- INSERT INTO DRIVER (NAME, SCORE, IMAGE_URL) VALUES ('Boutsen Thierry', 132.0, '/image/f1/Boutsen_Thierry.png');
-- INSERT INTO DRIVER (NAME, SCORE, IMAGE_URL) VALUES ('Hawthorn Mike', 127.6, '/image/f1/Hawthorn_Mike.png');
-- INSERT INTO DRIVER (NAME, SCORE, IMAGE_URL) VALUES ('Farina Giuseppe', 127.3, '/image/f1/Farina_Giuseppe.png');
-- INSERT INTO DRIVER (NAME, SCORE, IMAGE_URL) VALUES ('Kobayashi Kamui', 125.0, '/image/f1/Kobayashi_Kamui.png');
-- INSERT INTO DRIVER (NAME, SCORE, IMAGE_URL) VALUES ('Sutil Adrian', 124.0, '/image/f1/Sutil_Adrian.png');
-- INSERT INTO DRIVER (NAME, SCORE, IMAGE_URL) VALUES ('De Angelis Elio', 122.0, '/image/f1/De_Angelis_Elio.png');
-- INSERT INTO DRIVER (NAME, SCORE, IMAGE_URL) VALUES ('di Resta Paul', 121.0, '/image/f1/di_Resta_Paul.png');
-- INSERT INTO DRIVER (NAME, SCORE, IMAGE_URL) VALUES ('Rindt Jochen', 109.0, '/image/f1/Rindt_Jochen.png');
-- INSERT INTO DRIVER (NAME, SCORE, IMAGE_URL) VALUES ('Ginther Richie', 107.0, '/image/f1/Ginther_Richie.png');
-- INSERT INTO DRIVER (NAME, SCORE, IMAGE_URL) VALUES ('Villeneuve Gilles', 107.0, '/image/f1/Villeneuve_Gilles.png');
-- INSERT INTO DRIVER (NAME, SCORE, IMAGE_URL) VALUES ('Kovalainen Heikki', 105.0, '/image/f1/Kovalainen_Heikki.png');
-- INSERT INTO DRIVER (NAME, SCORE, IMAGE_URL) VALUES ('Tambay Patrick', 103.0, '/image/f1/Tambay_Patrick.png');
-- INSERT INTO DRIVER (NAME, SCORE, IMAGE_URL) VALUES ('Pironi Didier', 101.0, '/image/f1/Pironi_Didier.png');
-- INSERT INTO DRIVER (NAME, SCORE, IMAGE_URL) VALUES ('Hill Phil', 98.0, '/image/f1/Hill_Phil.png');
-- INSERT INTO DRIVER (NAME, SCORE, IMAGE_URL) VALUES ('Brundle Martin', 98.0, '/image/f1/Brundle_Martin.png');
-- INSERT INTO DRIVER (NAME, SCORE, IMAGE_URL) VALUES ('Herbert Johnny', 98.0, '/image/f1/Herbert_Johnny.png');
-- INSERT INTO DRIVER (NAME, SCORE, IMAGE_URL) VALUES ('Cevert Franois', 89.0, '/image/f1/Cevert_Franois.png');
-- INSERT INTO DRIVER (NAME, SCORE, IMAGE_URL) VALUES ('Johansson Stefan', 88.0, '/image/f1/Johansson_Stefan.png');
-- INSERT INTO DRIVER (NAME, SCORE, IMAGE_URL) VALUES ('Amon Chris', 83.0, '/image/f1/Amon_Chris.png');
-- INSERT INTO DRIVER (NAME, SCORE, IMAGE_URL) VALUES ('Tsunoda Yuki', 83.0, '/image/f1/Tsunoda_Yuki.png');
-- INSERT INTO DRIVER (NAME, SCORE, IMAGE_URL) VALUES ('Gonzalez Jose-Froilan', 77.6, '/image/f1/Gonzalez_Jose-Froilan.png');
-- INSERT INTO DRIVER (NAME, SCORE, IMAGE_URL) VALUES ('Beltoise Jean-Pierre', 77.0, '/image/f1/Beltoise_Jean-Pierre.png');
-- INSERT INTO DRIVER (NAME, SCORE, IMAGE_URL) VALUES ('Panis Olivier', 76.0, '/image/f1/Panis_Olivier.png');
-- INSERT INTO DRIVER (NAME, SCORE, IMAGE_URL) VALUES ('Maldonado Pastor', 76.0, '/image/f1/Maldonado_Pastor.png');
-- INSERT INTO DRIVER (NAME, SCORE, IMAGE_URL) VALUES ('Brooks Tony', 75.0, '/image/f1/Brooks_Tony.png');
-- INSERT INTO DRIVER (NAME, SCORE, IMAGE_URL) VALUES ('Trintignant Maurice', 72.3, '/image/f1/Trintignant_Maurice.png');
-- INSERT INTO DRIVER (NAME, SCORE, IMAGE_URL) VALUES ('Rodriguez Pedro', 71.0, '/image/f1/Rodriguez_Pedro.png');

-- INSERT INTO APARTMENT (NAME, PRICE, CATEGORY, IMAGE_URL) VALUES ('Hong Kong (China)', 28339.11, 'World','/images/hk.png');
-- INSERT INTO APARTMENT (NAME, PRICE, CATEGORY, IMAGE_URL) VALUES ('Singapore', 21063.82, 'World','/images/sg.png');
-- INSERT INTO APARTMENT (NAME, PRICE, CATEGORY, IMAGE_URL) VALUES ('Switzerland', 18044.86, 'World','/images/ch.png');
-- INSERT INTO APARTMENT (NAME, PRICE, CATEGORY, IMAGE_URL) VALUES ('South Korea', 11636.80, 'World','/images/kr.png');
-- INSERT INTO APARTMENT (NAME, PRICE, CATEGORY, IMAGE_URL) VALUES ('Luxembourg', 11203.21, 'World','/images/lu.png');
-- INSERT INTO APARTMENT (NAME, PRICE, CATEGORY, IMAGE_URL) VALUES ('Israel', 8386.84, 'World','/images/il.png');
-- INSERT INTO APARTMENT (NAME, PRICE, CATEGORY, IMAGE_URL) VALUES ('Taiwan', 8308.95, 'World','/images/tw.png');
-- INSERT INTO APARTMENT (NAME, PRICE, CATEGORY, IMAGE_URL) VALUES ('Australia', 7306.50, 'World','/images/au.png');
-- INSERT INTO APARTMENT (NAME, PRICE, CATEGORY, IMAGE_URL) VALUES ('China', 7183.90, 'World','/images/cn.png');
-- INSERT INTO APARTMENT (NAME, PRICE, CATEGORY, IMAGE_URL) VALUES ('Canada', 7134.28, 'World','/images/ca.png');
-- INSERT INTO APARTMENT (NAME, PRICE, CATEGORY, IMAGE_URL) VALUES ('Austria', 6991.48, 'World','/images/at.png');
-- INSERT INTO APARTMENT (NAME, PRICE, CATEGORY, IMAGE_URL) VALUES ('Japan', 6589.51, 'World','/images/jp.png');
-- INSERT INTO APARTMENT (NAME, PRICE, CATEGORY, IMAGE_URL) VALUES ('France', 6541.85, 'World','/images/fr.png');
-- INSERT INTO APARTMENT (NAME, PRICE, CATEGORY, IMAGE_URL) VALUES ('United Kingdom', 6518.39, 'World','/images/gb.png');
-- INSERT INTO APARTMENT (NAME, PRICE, CATEGORY, IMAGE_URL) VALUES ('Norway', 6476.31, 'World','/images/no.png');
-- INSERT INTO APARTMENT (NAME, PRICE, CATEGORY, IMAGE_URL) VALUES ('Germany', 6222.85, 'World','/images/de.png');
-- INSERT INTO APARTMENT (NAME, PRICE, CATEGORY, IMAGE_URL) VALUES ('Netherlands', 6203.55, 'World','/images/nl.png');
-- INSERT INTO APARTMENT (NAME, PRICE, CATEGORY, IMAGE_URL) VALUES ('New Zealand', 6026.85, 'World','/images/nz.png');
-- INSERT INTO APARTMENT (NAME, PRICE, CATEGORY, IMAGE_URL) VALUES ('Finland', 5949.96, 'World','/images/fi.png');
-- INSERT INTO APARTMENT (NAME, PRICE, CATEGORY, IMAGE_URL) VALUES ('Denmark', 5784.45, 'World','/images/dk.png');
-- INSERT INTO APARTMENT (NAME, PRICE, CATEGORY, IMAGE_URL) VALUES ('Sweden', 5483.91, 'World','/images/se.png');
-- INSERT INTO APARTMENT (NAME, PRICE, CATEGORY, IMAGE_URL) VALUES ('Kuwait', 5308.74, 'World','/images/kw.png');
-- INSERT INTO APARTMENT (NAME, PRICE, CATEGORY, IMAGE_URL) VALUES ('Ireland', 4949.83, 'World','/images/ie.png');
-- INSERT INTO APARTMENT (NAME, PRICE, CATEGORY, IMAGE_URL) VALUES ('Czech Republic', 4949.72, 'World','/images/cz.png');
-- INSERT INTO APARTMENT (NAME, PRICE, CATEGORY, IMAGE_URL) VALUES ('Slovenia', 4667.33, 'World','/images/si.png');
-- INSERT INTO APARTMENT (NAME, PRICE, CATEGORY, IMAGE_URL) VALUES ('Qatar', 4623.48, 'World','/images/qa.png');
-- INSERT INTO APARTMENT (NAME, PRICE, CATEGORY, IMAGE_URL) VALUES ('United Arab Emirates', 4483.87, 'World','/images/ae.png');
-- INSERT INTO APARTMENT (NAME, PRICE, CATEGORY, IMAGE_URL) VALUES ('Italy', 4260.19, 'World','/images/it.png');
-- INSERT INTO APARTMENT (NAME, PRICE, CATEGORY, IMAGE_URL) VALUES ('Estonia', 4230.35, 'World','/images/ee.png');
-- INSERT INTO APARTMENT (NAME, PRICE, CATEGORY, IMAGE_URL) VALUES ('Slovakia', 4186.43, 'World','/images/sk.png');
-- INSERT INTO APARTMENT (NAME, PRICE, CATEGORY, IMAGE_URL) VALUES ('Belgium', 4073.41, 'World','/images/be.png');
-- INSERT INTO APARTMENT (NAME, PRICE, CATEGORY, IMAGE_URL) VALUES ('Lithuania', 4047.11, 'World','/images/lt.png');
-- INSERT INTO APARTMENT (NAME, PRICE, CATEGORY, IMAGE_URL) VALUES ('Malta', 4036.41, 'World','/images/mt.png');
-- INSERT INTO APARTMENT (NAME, PRICE, CATEGORY, IMAGE_URL) VALUES ('Poland', 3927.34, 'World','/images/pl.png');
-- INSERT INTO APARTMENT (NAME, PRICE, CATEGORY, IMAGE_URL) VALUES ('Thailand', 3907.95, 'World','/images/th.png');
-- INSERT INTO APARTMENT (NAME, PRICE, CATEGORY, IMAGE_URL) VALUES ('Spain', 3905.60, 'World','/images/es.png');
-- INSERT INTO APARTMENT (NAME, PRICE, CATEGORY, IMAGE_URL) VALUES ('Croatia', 3846.50, 'World','/images/hr.png');
-- INSERT INTO APARTMENT (NAME, PRICE, CATEGORY, IMAGE_URL) VALUES ('Portugal', 3800.63, 'World','/images/pt.png');
-- INSERT INTO APARTMENT (NAME, PRICE, CATEGORY, IMAGE_URL) VALUES ('United States', 3546.67, 'World','/images/us.png');
-- INSERT INTO APARTMENT (NAME, PRICE, CATEGORY, IMAGE_URL) VALUES ('Armenia', 3406.86, 'World','/images/am.png');
-- INSERT INTO APARTMENT (NAME, PRICE, CATEGORY, IMAGE_URL) VALUES ('Cyprus', 3287.27, 'World','/images/cy.png');
-- INSERT INTO APARTMENT (NAME, PRICE, CATEGORY, IMAGE_URL) VALUES ('Serbia', 3176.06, 'World','/images/rs.png');
-- INSERT INTO APARTMENT (NAME, PRICE, CATEGORY, IMAGE_URL) VALUES ('Hungary', 3110.31, 'World','/images/hu.png');
-- INSERT INTO APARTMENT (NAME, PRICE, CATEGORY, IMAGE_URL) VALUES ('Greece', 2951.70, 'World','/images/gr.png');
-- INSERT INTO APARTMENT (NAME, PRICE, CATEGORY, IMAGE_URL) VALUES ('Vietnam', 2773.27, 'World','/images/vn.png');
-- INSERT INTO APARTMENT (NAME, PRICE, CATEGORY, IMAGE_URL) VALUES ('Latvia', 2613.59, 'World','/images/lv.png');
-- INSERT INTO APARTMENT (NAME, PRICE, CATEGORY, IMAGE_URL) VALUES ('Montenegro', 2599.10, 'World','/images/me.png');
-- INSERT INTO APARTMENT (NAME, PRICE, CATEGORY, IMAGE_URL) VALUES ('Uruguay', 2524.09, 'World','/images/uy.png');
-- INSERT INTO APARTMENT (NAME, PRICE, CATEGORY, IMAGE_URL) VALUES ('Albania', 2365.99, 'World','/images/al.png');
-- INSERT INTO APARTMENT (NAME, PRICE, CATEGORY, IMAGE_URL) VALUES ('Panama', 2312.50, 'World','/images/pa.png');
-- INSERT INTO APARTMENT (NAME, PRICE, CATEGORY, IMAGE_URL) VALUES ('Bulgaria', 2301.38, 'World','/images/bg.png');
-- INSERT INTO APARTMENT (NAME, PRICE, CATEGORY, IMAGE_URL) VALUES ('Philippines', 2292.13, 'World','/images/ph.png');
-- INSERT INTO APARTMENT (NAME, PRICE, CATEGORY, IMAGE_URL) VALUES ('Chile', 2282.42, 'World','/images/cl.png');
-- INSERT INTO APARTMENT (NAME, PRICE, CATEGORY, IMAGE_URL) VALUES ('Costa Rica', 2265.32, 'World','/images/cr.png');
-- INSERT INTO APARTMENT (NAME, PRICE, CATEGORY, IMAGE_URL) VALUES ('Bosnia And Herzegovina', 2208.52, 'World','/images/ba.png');
-- INSERT INTO APARTMENT (NAME, PRICE, CATEGORY, IMAGE_URL) VALUES ('Romania', 2164.06, 'World','/images/ro.png');
-- INSERT INTO APARTMENT (NAME, PRICE, CATEGORY, IMAGE_URL) VALUES ('Argentina', 2129.30, 'World','/images/ar.png');
-- INSERT INTO APARTMENT (NAME, PRICE, CATEGORY, IMAGE_URL) VALUES ('Russia', 2020.80, 'World','/images/ru.png');
-- INSERT INTO APARTMENT (NAME, PRICE, CATEGORY, IMAGE_URL) VALUES ('Malaysia', 2010.16, 'World','/images/my.png');
-- INSERT INTO APARTMENT (NAME, PRICE, CATEGORY, IMAGE_URL) VALUES ('Sri Lanka', 1990.00, 'World','/images/lk.png');
-- INSERT INTO APARTMENT (NAME, PRICE, CATEGORY, IMAGE_URL) VALUES ('Turkey', 1963.86, 'World','/images/tr.png');
-- INSERT INTO APARTMENT (NAME, PRICE, CATEGORY, IMAGE_URL) VALUES ('North Macedonia', 1814.70, 'World','/images/mk.png');
-- INSERT INTO APARTMENT (NAME, PRICE, CATEGORY, IMAGE_URL) VALUES ('India', 1764.14, 'World','/images/in.png');
-- INSERT INTO APARTMENT (NAME, PRICE, CATEGORY, IMAGE_URL) VALUES ('Moldova', 1760.70, 'World','/images/md.png');
-- INSERT INTO APARTMENT (NAME, PRICE, CATEGORY, IMAGE_URL) VALUES ('Mexico', 1751.75, 'World','/images/mx.png');
-- INSERT INTO APARTMENT (NAME, PRICE, CATEGORY, IMAGE_URL) VALUES ('Azerbaijan', 1748.83, 'World','/images/az.png');
-- INSERT INTO APARTMENT (NAME, PRICE, CATEGORY, IMAGE_URL) VALUES ('Nepal', 1722.70, 'World','/images/np.png');
-- INSERT INTO APARTMENT (NAME, PRICE, CATEGORY, IMAGE_URL) VALUES ('Peru', 1681.69, 'World','/images/pe.png');
-- INSERT INTO APARTMENT (NAME, PRICE, CATEGORY, IMAGE_URL) VALUES ('Saudi Arabia', 1669.24, 'World','/images/sa.png');
-- INSERT INTO APARTMENT (NAME, PRICE, CATEGORY, IMAGE_URL) VALUES ('Belarus', 1602.35, 'World','/images/by.png');
-- INSERT INTO APARTMENT (NAME, PRICE, CATEGORY, IMAGE_URL) VALUES ('Brazil', 1566.22, 'World','/images/br.png');
-- INSERT INTO APARTMENT (NAME, PRICE, CATEGORY, IMAGE_URL) VALUES ('Georgia', 1550.34, 'World','/images/ge.png');
-- INSERT INTO APARTMENT (NAME, PRICE, CATEGORY, IMAGE_URL) VALUES ('Oman', 1548.23, 'World','/images/om.png');
-- INSERT INTO APARTMENT (NAME, PRICE, CATEGORY, IMAGE_URL) VALUES ('Morocco', 1484.10, 'World','/images/ma.png');
-- INSERT INTO APARTMENT (NAME, PRICE, CATEGORY, IMAGE_URL) VALUES ('Colombia', 1455.33, 'World','/images/co.png');
-- INSERT INTO APARTMENT (NAME, PRICE, CATEGORY, IMAGE_URL) VALUES ('Ukraine', 1452.30, 'World','/images/ua.png');
-- INSERT INTO APARTMENT (NAME, PRICE, CATEGORY, IMAGE_URL) VALUES ('Iran', 1377.19, 'World','/images/ir.png');
-- INSERT INTO APARTMENT (NAME, PRICE, CATEGORY, IMAGE_URL) VALUES ('Kazakhstan', 1369.57, 'World','/images/kz.png');
-- INSERT INTO APARTMENT (NAME, PRICE, CATEGORY, IMAGE_URL) VALUES ('Uzbekistan', 1366.10, 'World','/images/uz.png');
-- INSERT INTO APARTMENT (NAME, PRICE, CATEGORY, IMAGE_URL) VALUES ('Algeria', 1357.64, 'World','/images/dz.png');
-- INSERT INTO APARTMENT (NAME, PRICE, CATEGORY, IMAGE_URL) VALUES ('Indonesia', 1353.36, 'World','/images/id.png');
-- INSERT INTO APARTMENT (NAME, PRICE, CATEGORY, IMAGE_URL) VALUES ('Kenya', 1294.11, 'World','/images/ke.png');
-- INSERT INTO APARTMENT (NAME, PRICE, CATEGORY, IMAGE_URL) VALUES ('Ecuador', 1249.67, 'World','/images/ec.png');
-- INSERT INTO APARTMENT (NAME, PRICE, CATEGORY, IMAGE_URL) VALUES ('Mauritius', 1172.87, 'World','/images/mu.png');
-- INSERT INTO APARTMENT (NAME, PRICE, CATEGORY, IMAGE_URL) VALUES ('Bolivia', 1145.73, 'World','/images/bo.png');
-- INSERT INTO APARTMENT (NAME, PRICE, CATEGORY, IMAGE_URL) VALUES ('Iraq', 1089.95, 'World','/images/iq.png');
-- INSERT INTO APARTMENT (NAME, PRICE, CATEGORY, IMAGE_URL) VALUES ('Jordan', 1083.90, 'World','/images/jo.png');
-- INSERT INTO APARTMENT (NAME, PRICE, CATEGORY, IMAGE_URL) VALUES ('South Africa', 1044.32, 'World','/images/za.png');
-- INSERT INTO APARTMENT (NAME, PRICE, CATEGORY, IMAGE_URL) VALUES ('Palestine', 1015.16, 'World','/images/xw.png');
-- INSERT INTO APARTMENT (NAME, PRICE, CATEGORY, IMAGE_URL) VALUES ('Tunisia', 1002.92, 'World','/images/tn.png');
-- INSERT INTO APARTMENT (NAME, PRICE, CATEGORY, IMAGE_URL) VALUES ('Bangladesh', 767.91, 'World','/images/bd.png');
-- INSERT INTO APARTMENT (NAME, PRICE, CATEGORY, IMAGE_URL) VALUES ('Libya', 744.81, 'World','/images/ly.png');
-- INSERT INTO APARTMENT (NAME, PRICE, CATEGORY, IMAGE_URL) VALUES ('Pakistan', 585.41, 'World','/images/pk.png');
-- INSERT INTO APARTMENT (NAME, PRICE, CATEGORY, IMAGE_URL) VALUES ('Egypt', 574.46, 'World','/images/eg.png');
-- INSERT INTO APARTMENT (NAME, PRICE, CATEGORY, IMAGE_URL) VALUES ('Venezuela', 569.04, 'World','/images/ve.png');
-- INSERT INTO APARTMENT (NAME, PRICE, CATEGORY, IMAGE_URL) VALUES ('Cuba', 384.79, 'World','/images/cu.png');


-- INSERT INTO APARTMENT (NAME, PRICE, CATEGORY, IMAGE_URL) VALUES ('Sopot', 18235.00, 'Poland','/images/city/poland/Sopot');
-- INSERT INTO APARTMENT (NAME, PRICE, CATEGORY, IMAGE_URL) VALUES ('Warszawa', 16376.00, 'Poland','/images/city/poland/Warszawa');
-- INSERT INTO APARTMENT (NAME, PRICE, CATEGORY, IMAGE_URL) VALUES ('Krakw', 14563.00, 'Poland','/images/city/poland/Krakw');
-- INSERT INTO APARTMENT (NAME, PRICE, CATEGORY, IMAGE_URL) VALUES ('Gdask', 12827.00, 'Poland','/images/city/poland/Gdask');
-- INSERT INTO APARTMENT (NAME, PRICE, CATEGORY, IMAGE_URL) VALUES ('Zbki', 11942.00, 'Poland','/images/city/poland/Zbki');
-- INSERT INTO APARTMENT (NAME, PRICE, CATEGORY, IMAGE_URL) VALUES ('Wrocaw', 11904.00, 'Poland','/images/city/poland/Wrocaw');
-- INSERT INTO APARTMENT (NAME, PRICE, CATEGORY, IMAGE_URL) VALUES ('Jzefw', 11558.00, 'Poland','/images/city/poland/Jzefw');
-- INSERT INTO APARTMENT (NAME, PRICE, CATEGORY, IMAGE_URL) VALUES ('Koobrzeg', 11466.00, 'Poland','/images/city/poland/Koobrzeg');
-- INSERT INTO APARTMENT (NAME, PRICE, CATEGORY, IMAGE_URL) VALUES ('Pruszkw', 11353.00, 'Poland','/images/city/poland/Pruszkw');
-- INSERT INTO APARTMENT (NAME, PRICE, CATEGORY, IMAGE_URL) VALUES ('Piaseczno', 11191.00, 'Poland','/images/city/poland/Piaseczno');
-- INSERT INTO APARTMENT (NAME, PRICE, CATEGORY, IMAGE_URL) VALUES ('Gdynia', 11092.00, 'Poland','/images/city/poland/Gdynia');
-- INSERT INTO APARTMENT (NAME, PRICE, CATEGORY, IMAGE_URL) VALUES ('Otwock', 10368.00, 'Poland','/images/city/poland/Otwock');
-- INSERT INTO APARTMENT (NAME, PRICE, CATEGORY, IMAGE_URL) VALUES ('GrodziskMazowiecki', 10295.00, 'Poland','/images/city/poland/GrodziskMazowiecki');
-- INSERT INTO APARTMENT (NAME, PRICE, CATEGORY, IMAGE_URL) VALUES ('Pozna', 10191.00, 'Poland','/images/city/poland/Pozna');
-- INSERT INTO APARTMENT (NAME, PRICE, CATEGORY, IMAGE_URL) VALUES ('Marki', 10070.00, 'Poland','/images/city/poland/Marki');
-- INSERT INTO APARTMENT (NAME, PRICE, CATEGORY, IMAGE_URL) VALUES ('Legionowo', 10051.00, 'Poland','/images/city/poland/Legionowo');
-- INSERT INTO APARTMENT (NAME, PRICE, CATEGORY, IMAGE_URL) VALUES ('Zielonka', 10000.00, 'Poland','/images/city/poland/Zielonka');
-- INSERT INTO APARTMENT (NAME, PRICE, CATEGORY, IMAGE_URL) VALUES ('Rzeszw', 9840.00, 'Poland','/images/city/poland/Rzeszw');
-- INSERT INTO APARTMENT (NAME, PRICE, CATEGORY, IMAGE_URL) VALUES ('Siewierz', 9404.00, 'Poland','/images/city/poland/Siewierz');
-- INSERT INTO APARTMENT (NAME, PRICE, CATEGORY, IMAGE_URL) VALUES ('Woomin', 9396.00, 'Poland','/images/city/poland/Woomin');
-- INSERT INTO APARTMENT (NAME, PRICE, CATEGORY, IMAGE_URL) VALUES ('MiskMazowiecki', 9340.00, 'Poland','/images/city/poland/MiskMazowiecki');
-- INSERT INTO APARTMENT (NAME, PRICE, CATEGORY, IMAGE_URL) VALUES ('Lublin', 9181.00, 'Poland','/images/city/poland/Lublin');
-- INSERT INTO APARTMENT (NAME, PRICE, CATEGORY, IMAGE_URL) VALUES ('NowyDwrMazowiecki', 9137.00, 'Poland','/images/city/poland/NowyDwrMazowiecki');
-- INSERT INTO APARTMENT (NAME, PRICE, CATEGORY, IMAGE_URL) VALUES ('Biaystok', 9131.00, 'Poland','/images/city/poland/Biaystok');
-- INSERT INTO APARTMENT (NAME, PRICE, CATEGORY, IMAGE_URL) VALUES ('Kobyka', 8959.00, 'Poland','/images/city/poland/Kobyka');
-- INSERT INTO APARTMENT (NAME, PRICE, CATEGORY, IMAGE_URL) VALUES ('Szczecin', 8550.00, 'Poland','/images/city/poland/Szczecin');
-- INSERT INTO APARTMENT (NAME, PRICE, CATEGORY, IMAGE_URL) VALUES ('Opole', 8302.00, 'Poland','/images/city/poland/Opole');
-- INSERT INTO APARTMENT (NAME, PRICE, CATEGORY, IMAGE_URL) VALUES ('Kielce', 8232.00, 'Poland','/images/city/poland/Kielce');
-- INSERT INTO APARTMENT (NAME, PRICE, CATEGORY, IMAGE_URL) VALUES ('Toru', 8177.00, 'Poland','/images/city/poland/Toru');
-- INSERT INTO APARTMENT (NAME, PRICE, CATEGORY, IMAGE_URL) VALUES ('Olsztyn', 7997.00, 'Poland','/images/city/poland/Olsztyn');
-- INSERT INTO APARTMENT (NAME, PRICE, CATEGORY, IMAGE_URL) VALUES ('Bielsko-Biaa', 7972.00, 'Poland','/images/city/poland/Bielsko-Biaa');
-- INSERT INTO APARTMENT (NAME, PRICE, CATEGORY, IMAGE_URL) VALUES ('Katowice', 7776.00, 'Poland','/images/city/poland/Katowice');
-- INSERT INTO APARTMENT (NAME, PRICE, CATEGORY, IMAGE_URL) VALUES ('ZielonaGra', 7660.00, 'Poland','/images/city/poland/ZielonaGra');
-- INSERT INTO APARTMENT (NAME, PRICE, CATEGORY, IMAGE_URL) VALUES ('d', 7649.00, 'Poland','/images/city/poland/d');
-- INSERT INTO APARTMENT (NAME, PRICE, CATEGORY, IMAGE_URL) VALUES ('yrardw', 7521.00, 'Poland','/images/city/poland/yrardw');
-- INSERT INTO APARTMENT (NAME, PRICE, CATEGORY, IMAGE_URL) VALUES ('Pock', 7375.00, 'Poland','/images/city/poland/Pock');
-- INSERT INTO APARTMENT (NAME, PRICE, CATEGORY, IMAGE_URL) VALUES ('Tychy', 7173.00, 'Poland','/images/city/poland/Tychy');
-- INSERT INTO APARTMENT (NAME, PRICE, CATEGORY, IMAGE_URL) VALUES ('Bydgoszcz', 6975.00, 'Poland','/images/city/poland/Bydgoszcz');
-- INSERT INTO APARTMENT (NAME, PRICE, CATEGORY, IMAGE_URL) VALUES ('Gliwice', 6622.00, 'Poland','/images/city/poland/Gliwice');
-- INSERT INTO APARTMENT (NAME, PRICE, CATEGORY, IMAGE_URL) VALUES ('Koszalin', 6594.00, 'Poland','/images/city/poland/Koszalin');
-- INSERT INTO APARTMENT (NAME, PRICE, CATEGORY, IMAGE_URL) VALUES ('Iawa', 6592.00, 'Poland','/images/city/poland/Iawa');
-- INSERT INTO APARTMENT (NAME, PRICE, CATEGORY, IMAGE_URL) VALUES ('GorzwWielkopolski', 6479.00, 'Poland','/images/city/poland/GorzwWielkopolski');
-- INSERT INTO APARTMENT (NAME, PRICE, CATEGORY, IMAGE_URL) VALUES ('Radom', 6454.00, 'Poland','/images/city/poland/Radom');
-- INSERT INTO APARTMENT (NAME, PRICE, CATEGORY, IMAGE_URL) VALUES ('Elblg', 6440.00, 'Poland','/images/city/poland/Elblg');
-- INSERT INTO APARTMENT (NAME, PRICE, CATEGORY, IMAGE_URL) VALUES ('Tarnw', 6421.00, 'Poland','/images/city/poland/Tarnw');
-- INSERT INTO APARTMENT (NAME, PRICE, CATEGORY, IMAGE_URL) VALUES ('JeleniaGra', 6210.00, 'Poland','/images/city/poland/JeleniaGra');
-- INSERT INTO APARTMENT (NAME, PRICE, CATEGORY, IMAGE_URL) VALUES ('Czstochowa', 6171.00, 'Poland','/images/city/poland/Czstochowa');
-- INSERT INTO APARTMENT (NAME, PRICE, CATEGORY, IMAGE_URL) VALUES ('TarnowskieGry', 5837.00, 'Poland','/images/city/poland/TarnowskieGry');
-- INSERT INTO APARTMENT (NAME, PRICE, CATEGORY, IMAGE_URL) VALUES ('Mikow', 5817.00, 'Poland','/images/city/poland/Mikow');
-- INSERT INTO APARTMENT (NAME, PRICE, CATEGORY, IMAGE_URL) VALUES ('DbrowaGrnicza', 5657.00, 'Poland','/images/city/poland/DbrowaGrnicza');
-- INSERT INTO APARTMENT (NAME, PRICE, CATEGORY, IMAGE_URL) VALUES ('Mysowice', 5618.00, 'Poland','/images/city/poland/Mysowice');
-- INSERT INTO APARTMENT (NAME, PRICE, CATEGORY, IMAGE_URL) VALUES ('Chorzw', 5537.00, 'Poland','/images/city/poland/Chorzw');
-- INSERT INTO APARTMENT (NAME, PRICE, CATEGORY, IMAGE_URL) VALUES ('Siemianowicelskie', 5353.00, 'Poland','/images/city/poland/Siemianowicelskie');
-- INSERT INTO APARTMENT (NAME, PRICE, CATEGORY, IMAGE_URL) VALUES ('Sosnowiec', 5330.00, 'Poland','/images/city/poland/Sosnowiec');
-- INSERT INTO APARTMENT (NAME, PRICE, CATEGORY, IMAGE_URL) VALUES ('Wocawek', 5236.00, 'Poland','/images/city/poland/Wocawek');
-- INSERT INTO APARTMENT (NAME, PRICE, CATEGORY, IMAGE_URL) VALUES ('Knurw', 5111.00, 'Poland','/images/city/poland/Knurw');
-- INSERT INTO APARTMENT (NAME, PRICE, CATEGORY, IMAGE_URL) VALUES ('Zabrze', 5070.00, 'Poland','/images/city/poland/Zabrze');
-- INSERT INTO APARTMENT (NAME, PRICE, CATEGORY, IMAGE_URL) VALUES ('witochowice', 5060.00, 'Poland','/images/city/poland/witochowice');
-- INSERT INTO APARTMENT (NAME, PRICE, CATEGORY, IMAGE_URL) VALUES ('Bdzin', 5018.00, 'Poland','/images/city/poland/Bdzin');
-- INSERT INTO APARTMENT (NAME, PRICE, CATEGORY, IMAGE_URL) VALUES ('Rybnik', 4899.00, 'Poland','/images/city/poland/Rybnik');
-- INSERT INTO APARTMENT (NAME, PRICE, CATEGORY, IMAGE_URL) VALUES ('Rudalska', 4831.00, 'Poland','/images/city/poland/Rudalska');
-- INSERT INTO APARTMENT (NAME, PRICE, CATEGORY, IMAGE_URL) VALUES ('Piekarylskie', 4800.00, 'Poland','/images/city/poland/Piekarylskie');
-- INSERT INTO APARTMENT (NAME, PRICE, CATEGORY, IMAGE_URL) VALUES ('Czelad', 4694.00, 'Poland','/images/city/poland/Czelad');
-- INSERT INTO APARTMENT (NAME, PRICE, CATEGORY, IMAGE_URL) VALUES ('Wabrzych', 4586.00, 'Poland','/images/city/poland/Wabrzych');
-- INSERT INTO APARTMENT (NAME, PRICE, CATEGORY, IMAGE_URL) VALUES ('Bytom', 4255.00, 'Poland','/images/city/poland/Bytom');
